slug,line,anchor,url,classification,status,final_url,method,error
abortion,455,Article on this topic,https://www.thegospelcoalition.org/article/topic/,broken,404,https://www.thegospelcoalition.org/article/topic/,HEAD,
abortion,456,Further reading,https://www.crossway.org/articles/topic/,broken,404,https://www.crossway.org/articles/topic/,HEAD,
abortion,466,Article on this topic,https://www.desiringgod.org/articles/topic/,broken,403,https://www.desiringgod.org/articles/topic/,GET,
abortion,467,Further reading,https://www.9marks.org/article/topic/,broken,444,https://www.9marks.org/article/topic/,HEAD,
abortion,477,Article on this topic,https://christianitytoday.com/article/topic/,broken,404,https://www.christianitytoday.com/article/topic/,HEAD,
abortion,478,Further reading,https://firstthings.com/article/topic/,broken,404,https://firstthings.com/article/topic/,HEAD,
abortion,504,Understanding Abortion &amp; the Pro-Life Movement,https://www.thegospelcoalition.org/article/topic-overview/,broken,404,https://www.thegospelcoalition.org/article/topic-overview/,HEAD,
abortion,512,Scripture on Abortion &amp; the Pro-Life Movement: A Biblical Overview,https://www.crossway.org/articles/topic-biblical/,broken,404,https://www.crossway.org/articles/topic-biblical/,HEAD,
abortion,520,Abortion &amp; the Pro-Life Movement and the Gospel,https://www.desiringgod.org/articles/topic-gospel/,broken,403,https://www.desiringgod.org/articles/topic-gospel/,GET,
abortion,528,Historical Perspectives on Abortion &amp; the Pro-Life Movement,https://www.9marks.org/article/topic-history/,broken,404,https://www.9marks.org/article/topic-history/,HEAD,
abortion,536,Position One on Abortion &amp; the Pro-Life Movement,https://www.ligonier.org/learn/articles/topic-position-one/,broken,404,https://learn.ligonier.org/articles/topic-position-one,HEAD,
abortion,544,Alternative Perspectives on Abortion &amp; the Pro-Life Movement,https://www.christianitytoday.com/article/topic-alternative/,broken,404,https://www.christianitytoday.com/article/topic-alternative/,HEAD,
abortion,552,Abortion &amp; the Pro-Life Movement in the Church Today,https://www.albertmohler.com/2024/topic-church-today/,unreachable,,,,timeout
abortion,560,Practicing Abortion &amp; the Pro-Life Movement: From Theology to Life,https://firstthings.com/article/topic-practice/,broken,404,https://firstthings.com/article/topic-practice/,HEAD,
addiction-and-recovery,455,Article on this topic,https://www.thegospelcoalition.org/article/topic/,broken,404,https://www.thegospelcoalition.org/article/topic/,HEAD,
addiction-and-recovery,456,Further reading,https://www.crossway.org/articles/topic/,broken,404,https://www.crossway.org/articles/topic/,HEAD,
addiction-and-recovery,466,Article on this topic,https://www.desiringgod.org/articles/topic/,broken,403,https://www.desiringgod.org/articles/topic/,GET,
addiction-and-recovery,467,Further reading,https://www.9marks.org/article/topic/,broken,444,https://www.9marks.org/article/topic/,HEAD,
addiction-and-recovery,477,Article on this topic,https://christianitytoday.com/article/topic/,broken,404,https://www.christianitytoday.com/article/topic/,HEAD,
addiction-and-recovery,478,Further reading,https://firstthings.com/article/topic/,broken,404,https://firstthings.com/article/topic/,HEAD,
addiction-and-recovery,504,Understanding Addiction &amp; Recovery,https://www.thegospelcoalition.org/article/topic-overview/,broken,404,https://www.thegospelcoalition.org/article/topic-overview/,HEAD,
addiction-and-recovery,512,Scripture on Addiction &amp; Recovery: A Biblical Overview,https://www.crossway.org/articles/topic-biblical/,broken,404,https://www.crossway.org/articles/topic-biblical/,HEAD,
addiction-and-recovery,520,Addiction &amp; Recovery and the Gospel,https://www.desiringgod.org/articles/topic-gospel/,broken,403,https://www.desiringgod.org/articles/topic-gospel/,GET,
addiction-and-recovery,528,Historical Perspectives on Addiction &amp; Recovery,https://www.9marks.org/article/topic-history/,broken,404,https://www.9marks.org/article/topic-history/,HEAD,
addiction-and-recovery,536,Position One on Addiction &amp; Recovery,https://www.ligonier.org/learn/articles/topic-position-one/,broken,404,https://learn.ligonier.org/articles/topic-position-one,HEAD,
addiction-and-recovery,544,Alternative Perspectives on Addiction &amp; Recovery,https://www.christianitytoday.com/article/topic-alternative/,broken,404,https://www.christianitytoday.com/article/topic-alternative/,HEAD,
addiction-and-recovery,552,Addiction &amp; Recovery in the Church Today,https://www.albertmohler.com/2024/topic-church-today/,unreachable,,,,timeout
addiction-and-recovery,560,Practicing Addiction &amp; Recovery: From Theology to Life,https://firstthings.com/article/topic-practice/,broken,404,https://firstthings.com/article/topic-practice/,HEAD,
ai-and-the-church,451,Artificial Intelligence and the Soul,https://www.christianitytoday.com/ct/2023/april/artificial-intelligence/,broken,404,https://www.christianitytoday.com/ct/2023/april/artificial-intelligence/,HEAD,
ai-and-the-church,452,The Spiritual Risks of Technology,https://mereorthodoxy.com/technology-spiritual-risks/,broken,404,https://mereorthodoxy.com/technology-spiritual-risks/,HEAD,
ai-and-the-church,462,The Tech-Wise Family,https://www.ivpress.com/the-tech-wise-family,broken,403,https://www.ivpress.com/the-tech-wise-family,GET,
ai-and-the-church,463,God Has a Better Idea: Cultivating the Technology of Redemption,https://www.christianitytoday.com/ct/2024/march/god-technology-innovation/,broken,404,https://www.christianitytoday.com/ct/2024/march/god-technology-innovation/,HEAD,
ai-and-the-church,473,Discerning Technology for Christian Life,https://www.thegospelcoalition.org/article/technology-christianity/,broken,404,https://www.thegospelcoalition.org/article/technology-christianity/,HEAD,
ai-and-the-church,474,The Technological Dimension of the Gospel,https://www.desiringgod.org/articles/technology-gospel/,broken,403,https://www.desiringgod.org/articles/technology-gospel/,GET,
anxiety-and-fear,448,Let God Blow Away Your Anxiety: Three Big Promises for the Fight,https://www.desiringgod.org/articles/let-god-blow-away-your-anxiety,broken,403,https://www.desiringgod.org/articles/let-god-blow-away-your-anxiety,GET,
anxiety-and-fear,456,For the Fearful and Anxious,https://www.ccef.org/fearful-and-anxious/,live,200,https://www.ccef.org/fearful-and-anxious/,HEAD,
anxiety-and-fear,464,Help! I'm Feeling Anxious About Everything,https://www.crossway.org/articles/help-im-feeling-anxious-about-everything/,live,200,https://www.crossway.org/articles/help-im-feeling-anxious-about-everything/,HEAD,
anxiety-and-fear,472,Take Your Anxiety to Church,https://www.thegospelcoalition.org/article/take-anxiety-church/,live,200,https://www.thegospelcoalition.org/article/take-anxiety-church/,HEAD,
anxiety-and-fear,480,How Should Christians Approach the Subject of Anxiety?,https://erlc.com/resource/how-should-christians-approach-the-subject-of-anxiety/,broken,403,https://erlc.com/resource/how-should-christians-approach-the-subject-of-anxiety/,GET,
anxiety-and-fear,488,Anxious People Need Shepherds Who Point Them to the Chief Shepherd,https://www.9marks.org/article/anxious-people-need-shepherds-who-point-them-to-the-chief-shepherd/,live,200,https://www.9marks.org/article/anxious-people-need-shepherds-who-point-them-to-the-chief-shepherd/,HEAD,
anxiety-and-fear,496,The End of Anxiety,https://www.ligonier.org/learn/sermons/end-anxiety,live,200,https://learn.ligonier.org/sermons/end-anxiety,HEAD,
anxiety-and-fear,504,Anxiety Isn't Unnatural—or Unfaithful,https://www.christianitytoday.com/2025/09/anxiety-isnt-unnaturalor-unfaithful-made-to-tremble/,live,200,https://www.christianitytoday.com/2025/09/anxiety-isnt-unnaturalor-unfaithful-made-to-tremble/,HEAD,
anxiety-and-fear,512,How a Biblical Counselor Thinks About Panic Attacks,https://www.ccef.org/how-biblical-counselor-thinks-about-panic-attacks-most-read-2012-10/,live,200,https://www.ccef.org/how-biblical-counselor-thinks-about-panic-attacks-most-read-2012-10/,HEAD,
anxiety-and-fear,520,Anxiety and Worry Study Guide,https://learn.ligonier.org/guides/anxiety-and-worry,live,200,https://learn.ligonier.org/guides/anxiety-and-worry,HEAD,
anxiety-and-fear,553,For the Fearful and Anxious (CCEF),https://www.ccef.org/fearful-and-anxious/,live,200,https://www.ccef.org/fearful-and-anxious/,HEAD,
anxiety-and-fear,553,Anxious People Need Shepherds (9Marks),https://www.9marks.org/article/anxious-people-need-shepherds-who-point-them-to-the-chief-shepherd/,live,200,https://www.9marks.org/article/anxious-people-need-shepherds-who-point-them-to-the-chief-shepherd/,HEAD,
anxiety-and-fear,561,Help! I'm Feeling Anxious About Everything (Crossway),https://www.crossway.org/articles/help-im-feeling-anxious-about-everything/,live,200,https://www.crossway.org/articles/help-im-feeling-anxious-about-everything/,HEAD,
anxiety-and-fear,561,How Should Christians Approach Anxiety (ERLC),https://erlc.com/resource/how-should-christians-approach-the-subject-of-anxiety/,broken,403,https://erlc.com/resource/how-should-christians-approach-the-subject-of-anxiety/,GET,
anxiety-and-fear,569,Anxiety Isn't Unnatural or Unfaithful (Christianity Today),https://www.christianitytoday.com/2025/09/anxiety-isnt-unnaturalor-unfaithful-made-to-tremble/,live,200,https://www.christianitytoday.com/2025/09/anxiety-isnt-unnaturalor-unfaithful-made-to-tremble/,HEAD,
anxiety-and-fear,569,Take Your Anxiety to Church (TGC),https://www.thegospelcoalition.org/article/take-anxiety-church/,live,200,https://www.thegospelcoalition.org/article/take-anxiety-church/,HEAD,
apologetics,456,Classical Apologetics · The Gospel Coalition,https://www.thegospelcoalition.org/article/classical-apologetics/,broken,404,https://www.thegospelcoalition.org/article/classical-apologetics/,HEAD,
apologetics,457,What Is Classical Apologetics? · Crossway,https://www.crossway.org/articles/what-is-classical-apologetics/,broken,404,https://www.crossway.org/articles/what-is-classical-apologetics/,HEAD,
apologetics,467,Presuppositional Apologetics · The Gospel Coalition,https://www.thegospelcoalition.org/article/presuppositional-apologetics/,broken,404,https://www.thegospelcoalition.org/article/presuppositional-apologetics/,HEAD,
apologetics,468,Cornelius Van Til and Apologetics · Ligonier,https://www.ligonier.org/learn/articles/cornelius-van-til-and-apologetics,broken,404,https://learn.ligonier.org/articles/cornelius-van-til-and-apologetics,HEAD,
apologetics,478,Reformed Epistemology and Apologetics · The Gospel Coalition,https://www.thegospelcoalition.org/article/reformed-epistemology-and-apologetics/,broken,404,https://www.thegospelcoalition.org/article/reformed-epistemology-and-apologetics/,HEAD,
apologetics,479,The Case for Christianity · Desiring God,https://www.desiringgod.org/articles/the-case-for-christianity,broken,403,https://www.desiringgod.org/articles/the-case-for-christianity,GET,
apologetics,505,What Is Apologetics?,https://www.crossway.org/articles/what-is-apologetics/,live,200,https://www.crossway.org/articles/what-is-apologetics/,HEAD,
apologetics,513,"Evangelism and Apologetics: Preaching the Gospel, Answering Objections",https://www.thegospelcoalition.org/article/evangelism-and-apologetics/,live,200,https://www.thegospelcoalition.org/article/evangelism-and-apologetics/,HEAD,
apologetics,521,Why Apologetics?,https://www.ligonier.org/learn/series/defending-your-faith/why-apologetics/,live,200,https://learn.ligonier.org/series/defending-your-faith/why-apologetics,HEAD,
apologetics,529,Presuppositional Apologetics: An Introduction,https://www.thegospelcoalition.org/article/presuppositional-apologetics/,broken,404,https://www.thegospelcoalition.org/article/presuppositional-apologetics/,HEAD,
apologetics,537,The Moral Argument for God’s Existence,https://www.desiringgod.org/articles/the-moral-argument-for-gods-existence,broken,403,https://www.desiringgod.org/articles/the-moral-argument-for-gods-existence,GET,
apologetics,545,"With the Resurrection, the Evidence Tells the Story",https://www.thegospelcoalition.org/article/with-the-resurrection-the-evidence-tells-the-story/,broken,404,https://www.thegospelcoalition.org/article/with-the-resurrection-the-evidence-tells-the-story/,HEAD,
apologetics,553,Historical Evidence for the Resurrection,https://www.desiringgod.org/articles/historical-evidence-for-the-resurrection,broken,403,https://www.desiringgod.org/articles/historical-evidence-for-the-resurrection,GET,
apologetics,561,A Dozen Evidences for the Resurrection of Jesus,https://reasons.org/explore/blogs/reflections/a-dozen-evidences-for-the-resurrection-of-jesus,live,200,https://reasons.org/explore/blogs/reflections/a-dozen-evidences-for-the-resurrection-of-jesus,HEAD,
apologetics,569,Know Your Evangelicals: Alvin Plantinga,https://www.thegospelcoalition.org/article/know-your-evangelicals-alvin-plantinga/,live,200,https://www.thegospelcoalition.org/article/know-your-evangelicals-alvin-plantinga/,HEAD,
apologetics,577,Apologetics After Christendom,https://www.christianitytoday.com/2025/11/apologetics-after-christendom/,live,200,https://www.christianitytoday.com/2025/11/apologetics-after-christendom/,HEAD,
atonement,454,J.I. Packer at 9Marks,https://www.9marks.org/article/what-did-the-cross-achieve-the-logic-of-penal-substitution/,unreachable,,,,timeout
atonement,455,TGC Essay,https://www.thegospelcoalition.org/essay/substitutionary-atonement/,live,200,https://www.thegospelcoalition.org/essay/substitutionary-atonement/,HEAD,
atonement,465,Crossway Survey,https://www.crossway.org/articles/10-theories-of-the-atonement/,live,200,https://www.crossway.org/articles/10-theories-of-the-atonement/,HEAD,
atonement,466,Christus Victor &amp; PSA,https://www.thegospelcoalition.org/article/does-christus-victor-exclude-penal-substitution/,broken,404,https://www.thegospelcoalition.org/article/does-christus-victor-exclude-penal-substitution/,HEAD,
atonement,476,TGC Response,https://www.thegospelcoalition.org/article/comer-penal-substitution/,live,200,https://www.thegospelcoalition.org/article/comer-penal-substitution/,HEAD,
atonement,477,CT Analysis,https://www.christianitytoday.com/2025/09/penal-substitutionary-atonement-debate-theology/,live,200,https://www.christianitytoday.com/2025/09/penal-substitutionary-atonement-debate-theology/,HEAD,
atonement,503,Substitutionary Atonement,https://www.thegospelcoalition.org/essay/substitutionary-atonement/,live,200,https://www.thegospelcoalition.org/essay/substitutionary-atonement/,HEAD,
atonement,511,Easing Comer's Fears on Penal Substitution,https://www.thegospelcoalition.org/article/comer-penal-substitution/,live,200,https://www.thegospelcoalition.org/article/comer-penal-substitution/,HEAD,
atonement,519,What Did the Cross Achieve?: The Logic of Penal Substitution,https://www.9marks.org/article/what-did-the-cross-achieve-the-logic-of-penal-substitution/,unreachable,,,,timeout
atonement,527,Penal Substitution in the Early Church,https://www.thegospelcoalition.org/article/penal-substitution-early-church/,live,200,https://www.thegospelcoalition.org/article/penal-substitution-early-church/,HEAD,
atonement,535,10 Things You Should Know About the Atonement,https://www.crossway.org/articles/10-things-you-should-know-about-the-atonement/,live,200,https://www.crossway.org/articles/10-things-you-should-know-about-the-atonement/,HEAD,
atonement,543,The Logic of Penal Substitution in Leviticus,https://www.thegospelcoalition.org/article/penal-substitution-leviticus/,live,200,https://www.thegospelcoalition.org/article/penal-substitution-leviticus/,HEAD,
atonement,551,Articulating the Glorious Cross to an Atonement-Rejecting Culture,https://www.desiringgod.org/interviews/articulating-the-glorious-cross-to-an-atonement-rejecting-culture,broken,403,https://www.desiringgod.org/interviews/articulating-the-glorious-cross-to-an-atonement-rejecting-culture,GET,
atonement,559,10 Theories of the Atonement,https://www.crossway.org/articles/10-theories-of-the-atonement/,live,200,https://www.crossway.org/articles/10-theories-of-the-atonement/,HEAD,
atonement,567,The Way We Debate Atonement Is a Mess,https://www.christianitytoday.com/2025/09/penal-substitutionary-atonement-debate-theology/,live,200,https://www.christianitytoday.com/2025/09/penal-substitutionary-atonement-debate-theology/,HEAD,
atonement,575,Triune Atonement,https://firstthings.com/triune-atonement-1/,live,200,https://firstthings.com/triune-atonement-1/,HEAD,
baptism,471,Why I Am a Credobaptist,https://www.thegospelcoalition.org/blogs/justin-taylor/why-i-am-a-credobaptist/,live,200,https://www.thegospelcoalition.org/blogs/justin-taylor/why-i-am-a-credobaptist/,HEAD,
baptism,472,What Does the Bible Say About Baptism?,https://www.desiringgod.org/articles/what-does-the-bible-say-about-baptism,broken,403,https://www.desiringgod.org/articles/what-does-the-bible-say-about-baptism,GET,
baptism,482,The Case for Paedobaptism,https://www.thegospelcoalition.org/blogs/justin-taylor/case-for-paedobaptism/,live,200,https://www.thegospelcoalition.org/blogs/justin-taylor/case-for-paedobaptism/,HEAD,
baptism,483,A Paedobaptist Position on Baptism,https://www.ligonier.org/learn/series/baptism_debate/paedobaptist-position/,broken,404,https://learn.ligonier.org/series/baptism_debate/paedobaptist-position,HEAD,
baptism,493,17 Statements Both Can Affirm,https://www.thegospelcoalition.org/blogs/justin-taylor/17-statements-paedobaptist-credobaptist-can-affirm/,live,200,https://www.thegospelcoalition.org/blogs/justin-taylor/17-statements-paedobaptist-credobaptist-can-affirm/,HEAD,
baptism,494,The Heart of the Debate,https://www.thegospelcoalition.org/blogs/thabiti-anyabwile/heart-of-paedo-vs-credobaptist-matter/,live,200,https://www.thegospelcoalition.org/blogs/thabiti-anyabwile/heart-of-paedo-vs-credobaptist-matter/,HEAD,
baptism,520,Why I Am a Credobaptist,https://www.thegospelcoalition.org/blogs/justin-taylor/why-i-am-a-credobaptist/,live,200,https://www.thegospelcoalition.org/blogs/justin-taylor/why-i-am-a-credobaptist/,HEAD,
baptism,528,The Case for Paedobaptism,https://www.thegospelcoalition.org/blogs/justin-taylor/case-for-paedobaptism/,live,200,https://www.thegospelcoalition.org/blogs/justin-taylor/case-for-paedobaptism/,HEAD,
baptism,536,What Does the Bible Say About Baptism? Six Texts We Cannot Ignore,https://www.desiringgod.org/articles/what-does-the-bible-say-about-baptism,broken,403,https://www.desiringgod.org/articles/what-does-the-bible-say-about-baptism,GET,
baptism,544,A Paedobaptist Position on Baptism,https://www.ligonier.org/learn/series/baptism_debate/paedobaptist-position/,broken,404,https://learn.ligonier.org/series/baptism_debate/paedobaptist-position,HEAD,
baptism,552,A Credobaptist Position on Baptism,https://www.ligonier.org/learn/series/baptism_debate/credobaptist-position,broken,404,https://learn.ligonier.org/series/baptism_debate/credobaptist-position,HEAD,
baptism,560,17 Statements That a Paedobaptist and a Credobaptist Can Both Affirm,https://www.thegospelcoalition.org/blogs/justin-taylor/17-statements-paedobaptist-credobaptist-can-affirm/,live,200,https://www.thegospelcoalition.org/blogs/justin-taylor/17-statements-paedobaptist-credobaptist-can-affirm/,HEAD,
baptism,568,"The ""Heart"" of the Paedo- vs. Credobaptist Matter",https://www.thegospelcoalition.org/blogs/thabiti-anyabwile/heart-of-paedo-vs-credobaptist-matter/,live,200,https://www.thegospelcoalition.org/blogs/thabiti-anyabwile/heart-of-paedo-vs-credobaptist-matter/,HEAD,
baptism,576,10 Things You Should Know About Baptism,https://www.crossway.org/articles/10-things-you-should-know-about-baptism/,live,200,https://www.crossway.org/articles/10-things-you-should-know-about-baptism/,HEAD,
baptism,584,Water Works: Why Baptism Is Essential,https://www.christianitytoday.com/2014/07/water-works-why-baptism-is-essential/,live,200,https://www.christianitytoday.com/2014/07/water-works-why-baptism-is-essential/,HEAD,
baptism,592,Raising Children Well: Baptism as an Expression of Love,https://reformation21.org/raising-children-well-baptism-as-an-expression-of-love/,live,200,https://reformation21.org/raising-children-well-baptism-as-an-expression-of-love/,HEAD,
biblical-inerrancy,455,What Is Biblical Inerrancy? – Ligonier,https://www.ligonier.org/learn/articles/what-is-biblical-inerrancy,broken,404,https://learn.ligonier.org/articles/what-is-biblical-inerrancy,HEAD,
biblical-inerrancy,456,The Inerrancy of Scripture – TGC,https://www.thegospelcoalition.org/essay/the-inerrancy-of-scripture/,broken,404,https://www.thegospelcoalition.org/essay/the-inerrancy-of-scripture/,HEAD,
biblical-inerrancy,466,The Inerrancy Battle – Christianity Today,https://www.christianitytoday.com/ct/2016/january-web-only/inerrancy-battle/,broken,404,https://www.christianitytoday.com/ct/2016/january-web-only/inerrancy-battle/,HEAD,
biblical-inerrancy,467,The Strong Doctrine of Biblical Inerrancy – Mere Orthodoxy,https://mereorthodoxy.com/the-strong-doctrine-of-biblical-inerrancy/,live,200,https://mereorthodoxy.com/the-strong-doctrine-of-biblical-inerrancy,HEAD,
biblical-inerrancy,477,What Is Inerrancy and Why Do We Need It? – TGC,https://www.thegospelcoalition.org/blogs/justin-taylor/what-is-inerrancy-and-why-do-we-need-the-word-packer-and-frame/,live,200,https://www.thegospelcoalition.org/blogs/justin-taylor/what-is-inerrancy-and-why-do-we-need-the-word-packer-and-frame/,HEAD,
biblical-inerrancy,478,Inerrancy Part 1 – Crossway,https://www.crossway.org/articles/inerrancy-part-1/,live,200,https://www.crossway.org/articles/inerrancy-part-1/,HEAD,
biblical-inerrancy,504,What Is Biblical Inerrancy?,https://www.ligonier.org/learn/articles/what-is-biblical-inerrancy,broken,404,https://learn.ligonier.org/articles/what-is-biblical-inerrancy,HEAD,
biblical-inerrancy,512,The Chicago Statement on Biblical Inerrancy,https://www.thegospelcoalition.org/themelios/article/the-chicago-statement-on-biblical-inerrancy/,live,200,https://www.thegospelcoalition.org/themelios/article/the-chicago-statement-on-biblical-inerrancy/,HEAD,
biblical-inerrancy,520,The Authority and Inerrancy of Scripture,https://www.thegospelcoalition.org/essay/authority-inerrancy-scripture/,live,200,https://www.thegospelcoalition.org/essay/authority-inerrancy-scripture/,HEAD,
biblical-inerrancy,528,What Is Inerrancy?,https://www.desiringgod.org/interviews/what-is-inerrancy,broken,403,https://www.desiringgod.org/interviews/what-is-inerrancy,GET,
biblical-inerrancy,536,"Inerrancy Part 1: If God Wrote the Bible, Why Are There So Many Discrepancies?",https://www.crossway.org/articles/inerrancy-part-1/,live,200,https://www.crossway.org/articles/inerrancy-part-1/,HEAD,
biblical-inerrancy,544,Contemporary Challenges to Inerrancy,https://www.thegospelcoalition.org/essay/contemporary-challenges-to-inerrancy/,live,200,https://www.thegospelcoalition.org/essay/contemporary-challenges-to-inerrancy/,HEAD,
biblical-inerrancy,552,Inerrancy of the Bible: An Annotated Bibliography,https://www.9marks.org/article/inerrancy-bible-annotated-bibliography/,live,200,https://www.9marks.org/article/inerrancy-bible-annotated-bibliography/,HEAD,
biblical-inerrancy,560,How Is the Bible Without Error?,https://www.desiringgod.org/articles/how-is-the-bible-without-error,broken,403,https://www.desiringgod.org/articles/how-is-the-bible-without-error,GET,
biblical-inerrancy,568,What Is Inerrancy and Why Do We Need the Word? Packer and Frame,https://www.thegospelcoalition.org/blogs/justin-taylor/what-is-inerrancy-and-why-do-we-need-the-word-packer-and-frame/,live,200,https://www.thegospelcoalition.org/blogs/justin-taylor/what-is-inerrancy-and-why-do-we-need-the-word-packer-and-frame/,HEAD,
biblical-inerrancy,576,Revisiting the 1978 Chicago Statement on Biblical Inerrancy,https://www.modernreformation.org/resources/articles/revisiting-the-1978-chicago-statement-on-biblical-inerrancy,live,200,https://www.modernreformation.org/resources/articles/revisiting-the-1978-chicago-statement-on-biblical-inerrancy,HEAD,
biblical-justice,451,Onward: Engaging the Culture Without Losing the Gospel,https://www.crossway.org/books/onward-2/,broken,404,https://www.crossway.org/books/onward-2/,HEAD,
biblical-justice,452,The Righteousness of God,https://www.desiringgod.org/articles/the-righteousness-of-god/,broken,403,https://www.desiringgod.org/articles/the-righteousness-of-god/,GET,
biblical-justice,462,Stamped from the Beginning,https://www.beacon.org/Stamped-from-the-Beginning-P1152.aspx,live,200,https://www.beacon.org/Stamped-from-the-Beginning-P1152.aspx,HEAD,
biblical-justice,463,The Third Reconstruction,https://www.beacon.org/The-Third-Reconstruction-P1282.aspx,live,200,https://www.beacon.org/The-Third-Reconstruction-P1282.aspx,HEAD,
biblical-justice,473,Generous Justice,https://www.penguinrandomhouse.com/books/291938/generous-justice-by-timothy-keller/,live,200,https://www.penguinrandomhouse.com/books/291938/generous-justice-by-timothy-keller/,HEAD,
biblical-justice,474,The Bible and Social Justice,https://www.crossway.org/articles/the-bible-and-social-justice/,broken,404,https://www.crossway.org/articles/the-bible-and-social-justice/,HEAD,
biblical-literacy,455,Article on this topic,https://www.thegospelcoalition.org/article/topic/,broken,404,https://www.thegospelcoalition.org/article/topic/,HEAD,
biblical-literacy,456,Further reading,https://www.crossway.org/articles/topic/,broken,404,https://www.crossway.org/articles/topic/,HEAD,
biblical-literacy,466,Article on this topic,https://www.desiringgod.org/articles/topic/,broken,403,https://www.desiringgod.org/articles/topic/,GET,
biblical-literacy,467,Further reading,https://www.9marks.org/article/topic/,broken,444,https://www.9marks.org/article/topic/,HEAD,
biblical-literacy,477,Article on this topic,https://christianitytoday.com/article/topic/,broken,404,https://www.christianitytoday.com/article/topic/,HEAD,
biblical-literacy,478,Further reading,https://firstthings.com/article/topic/,broken,404,https://firstthings.com/article/topic/,HEAD,
biblical-literacy,504,Understanding Biblical Literacy,https://www.thegospelcoalition.org/article/topic-overview/,broken,404,https://www.thegospelcoalition.org/article/topic-overview/,HEAD,
biblical-literacy,512,Scripture on Biblical Literacy: A Biblical Overview,https://www.crossway.org/articles/topic-biblical/,broken,404,https://www.crossway.org/articles/topic-biblical/,HEAD,
biblical-literacy,520,Biblical Literacy and the Gospel,https://www.desiringgod.org/articles/topic-gospel/,broken,403,https://www.desiringgod.org/articles/topic-gospel/,GET,
biblical-literacy,528,Historical Perspectives on Biblical Literacy,https://www.9marks.org/article/topic-history/,broken,404,https://www.9marks.org/article/topic-history/,HEAD,
biblical-literacy,536,Position One on Biblical Literacy,https://www.ligonier.org/learn/articles/topic-position-one/,broken,404,https://learn.ligonier.org/articles/topic-position-one,HEAD,
biblical-literacy,544,Alternative Perspectives on Biblical Literacy,https://www.christianitytoday.com/article/topic-alternative/,broken,404,https://www.christianitytoday.com/article/topic-alternative/,HEAD,
biblical-literacy,552,Biblical Literacy in the Church Today,https://www.albertmohler.com/2024/topic-church-today/,unreachable,,,,timeout
biblical-literacy,560,Practicing Biblical Literacy: From Theology to Life,https://firstthings.com/article/topic-practice/,broken,404,https://firstthings.com/article/topic-practice/,HEAD,
biblical-sexuality,451,What Does the Bible Really Teach about Homosexuality?,https://www.crossway.org/articles/what-does-the-bible-really-teach-about-homosexuality/,live,200,https://www.crossway.org/articles/what-does-the-bible-really-teach-about-homosexuality/,HEAD,
biblical-sexuality,452,Practicing the Prohibition: Why Biblical Christians Cannot Affirm Same-Sex Marriage,https://www.desiringgod.org/articles/same-sex-marriage/,broken,403,https://www.desiringgod.org/articles/same-sex-marriage/,GET,
biblical-sexuality,462,God and the Gay Christian,https://www.matthewvines.com/,live,200,https://matthewvines.com/,HEAD,
biblical-sexuality,463,What Christians Get Wrong About LGBTQ+ People,https://www.christianitytoday.com/ct/2021/july-august/lgbtq-christians-need-our-support.html,broken,404,https://www.christianitytoday.com/ct/2021/july-august/lgbtq-christians-need-our-support.html,HEAD,
biblical-sexuality,473,Is God Anti-Gay?,https://www.samallberry.com/,live,200,https://samallberry.com/,HEAD,
biblical-sexuality,474,The Gospel Comes With a House Key,https://www.crossway.org/books/the-gospel-comes-with-a-house-key/,broken,404,https://www.crossway.org/books/the-gospel-comes-with-a-house-key/,HEAD,
christian-education,455,Article on this topic,https://www.thegospelcoalition.org/article/topic/,broken,404,https://www.thegospelcoalition.org/article/topic/,HEAD,
christian-education,456,Further reading,https://www.crossway.org/articles/topic/,broken,404,https://www.crossway.org/articles/topic/,HEAD,
christian-education,466,Article on this topic,https://www.desiringgod.org/articles/topic/,broken,403,https://www.desiringgod.org/articles/topic/,GET,
christian-education,467,Further reading,https://www.9marks.org/article/topic/,broken,444,https://www.9marks.org/article/topic/,HEAD,
christian-education,477,Article on this topic,https://christianitytoday.com/article/topic/,broken,404,https://www.christianitytoday.com/article/topic/,HEAD,
christian-education,478,Further reading,https://firstthings.com/article/topic/,broken,404,https://firstthings.com/article/topic/,HEAD,
christian-education,504,Understanding Christian Education,https://www.thegospelcoalition.org/article/topic-overview/,broken,404,https://www.thegospelcoalition.org/article/topic-overview/,HEAD,
christian-education,512,Scripture on Christian Education: A Biblical Overview,https://www.crossway.org/articles/topic-biblical/,broken,404,https://www.crossway.org/articles/topic-biblical/,HEAD,
christian-education,520,Christian Education and the Gospel,https://www.desiringgod.org/articles/topic-gospel/,broken,403,https://www.desiringgod.org/articles/topic-gospel/,GET,
christian-education,528,Historical Perspectives on Christian Education,https://www.9marks.org/article/topic-history/,broken,404,https://www.9marks.org/article/topic-history/,HEAD,
christian-education,536,Position One on Christian Education,https://www.ligonier.org/learn/articles/topic-position-one/,broken,404,https://learn.ligonier.org/articles/topic-position-one,HEAD,
christian-education,544,Alternative Perspectives on Christian Education,https://www.christianitytoday.com/article/topic-alternative/,broken,404,https://www.christianitytoday.com/article/topic-alternative/,HEAD,
christian-education,552,Christian Education in the Church Today,https://www.albertmohler.com/2024/topic-church-today/,unreachable,,,,timeout
christian-education,560,Practicing Christian Education: From Theology to Life,https://firstthings.com/article/topic-practice/,broken,404,https://firstthings.com/article/topic-practice/,HEAD,
christian-ethics,455,What Is Natural Law and How Should It Be Used?,https://www.crossway.org/articles/what-is-natural-law-and-how-should-it-be-used/,live,200,https://www.crossway.org/articles/what-is-natural-law-and-how-should-it-be-used/,HEAD,
christian-ethics,456,Christ and Culture from a Two Kingdoms Perspective,https://www.thegospelcoalition.org/article/christ-and-culture-from-a-two-kingdoms-perspective/,broken,404,https://www.thegospelcoalition.org/article/christ-and-culture-from-a-two-kingdoms-perspective/,HEAD,
christian-ethics,466,What Is the Basis for Christian Ethics?,https://erlc.com/research/what-is-the-basis-for-christian-ethics/,broken,403,https://erlc.com/research/what-is-the-basis-for-christian-ethics/,GET,
christian-ethics,467,The Doctrine of the Christian Life (Ethics),https://www.desiringgod.org/interviews/the-doctrine-of-the-christian-life-ethics,broken,403,https://www.desiringgod.org/interviews/the-doctrine-of-the-christian-life-ethics,GET,
christian-ethics,477,Sanctify Them in the Truth: Holiness Exemplified,https://www.firstthings.com/article/1999/12/sanctify-them-in-the-truth-holiness-exemplified,broken,404,https://firstthings.com/sanctify-them-in-the-truth-holiness-exemplified,HEAD,
christian-ethics,478,Friendship Through a Pandemic: Seeing More Clearly With Stanley Hauerwas,https://mereorthodoxy.com/friendship-through-a-pandemic-seeing-more-clearly-with-stanley-hauerwas/,live,200,https://mereorthodoxy.com/friendship-through-a-pandemic-seeing-more-clearly-with-stanley-hauerwas,HEAD,
christian-ethics,504,Christian Ethics,https://www.thegospelcoalition.org/essay/christian-ethics/,live,200,https://www.thegospelcoalition.org/essay/christian-ethics/,HEAD,
christian-ethics,512,What Is Natural Law and How Should It Be Used?,https://www.crossway.org/articles/what-is-natural-law-and-how-should-it-be-used/,live,200,https://www.crossway.org/articles/what-is-natural-law-and-how-should-it-be-used/,HEAD,
christian-ethics,520,When Should Christians Engage in Civil Disobedience?,https://www.thegospelcoalition.org/article/when-should-christians-engage-in-civil-disobedience/,live,200,https://www.thegospelcoalition.org/article/when-should-christians-engage-in-civil-disobedience/,HEAD,
christian-ethics,528,Basic Bioethics: Why Christians Should Care About Bioethics,https://erlc.com/resource/basic-bioethics-why-christians-should-care-about-bioethics/,broken,403,https://erlc.com/resource/basic-bioethics-why-christians-should-care-about-bioethics/,GET,
christian-ethics,536,Christ and Culture from a Two Kingdoms Perspective,https://www.thegospelcoalition.org/article/christ-and-culture-from-a-two-kingdoms-perspective/,broken,404,https://www.thegospelcoalition.org/article/christ-and-culture-from-a-two-kingdoms-perspective/,HEAD,
christian-ethics,544,What Is the Basis for Christian Ethics?,https://erlc.com/research/what-is-the-basis-for-christian-ethics/,broken,403,https://erlc.com/research/what-is-the-basis-for-christian-ethics/,GET,
christian-ethics,552,The Doctrine of the Christian Life (Ethics),https://www.desiringgod.org/interviews/the-doctrine-of-the-christian-life-ethics,broken,403,https://www.desiringgod.org/interviews/the-doctrine-of-the-christian-life-ethics,GET,
christian-ethics,560,How to Find Common Ground When You Disagree About the Common Good,https://www.christianitytoday.com/2024/09/find-common-ground-disagree-common-good-evangelicals-diverse-democracy/,live,200,https://www.christianitytoday.com/2024/09/find-common-ground-disagree-common-good-evangelicals-diverse-democracy/,HEAD,
christian-ethics,568,Friendship Through a Pandemic: Seeing More Clearly With Stanley Hauerwas,https://mereorthodoxy.com/friendship-through-a-pandemic-seeing-more-clearly-with-stanley-hauerwas/,live,200,https://mereorthodoxy.com/friendship-through-a-pandemic-seeing-more-clearly-with-stanley-hauerwas,HEAD,
christian-ethics,576,How To Talk About Christian Ethics,https://www.firstthings.com/web-exclusives/2022/06/how-to-talk-about-christian-ethics,live,200,https://firstthings.com/how-to-talk-about-christian-ethics/,HEAD,
christian-friendship,438,Spiritual Friendship by Wesley Hill,https://www.crossway.org/books/spiritual-friendship-by-wesley-hill/,broken,404,https://www.crossway.org/books/spiritual-friendship-by-wesley-hill/,HEAD,
christian-friendship,439,The Company We Keep by Jonathan Holmes,https://www.crossway.org/books/the-company-we-keep-by-jonathan-holmes/,broken,404,https://www.crossway.org/books/the-company-we-keep-by-jonathan-holmes/,HEAD,
christian-friendship,449,The Purpose-Driven Life (community emphasis),https://www.crossway.org/books/the-purpose-driven-life-by-rick-warren/,broken,404,https://www.crossway.org/books/the-purpose-driven-life-by-rick-warren/,HEAD,
christian-friendship,459,Jonathan Wilson-Hartgrove's community writings,https://www.spu.edu/books/jonathan-wilson-hartgrove,broken,404,https://spu.edu/sitecore/service/notfound.aspx?item=%2fbooks%2fjonathan-wilson-hartgrove&user=extranet%5cAnonymous&site=website,HEAD,
christian-friendship,485,Wesley Hill on Spiritual Friendship,https://www.thegospelcoalition.org/blogs/justin-taylor/wesley-hill-on-spiritual-friendship/,live,200,https://www.thegospelcoalition.org/blogs/justin-taylor/,HEAD,
christian-friendship,493,The Loneliness Epidemic in the Church,https://www.christianitytoday.com/ct/2020/october-web-only/loneliness-epidemic-church.html,broken,404,https://www.christianitytoday.com/ct/2020/october-web-only/loneliness-epidemic-church.html,HEAD,
christian-friendship,501,Friendship as Spiritual Formation,https://www.thegospelcoalition.org/article/friendship-formation/,broken,404,https://www.thegospelcoalition.org/article/friendship-formation/,HEAD,
christian-friendship,509,"Single, Lonely, and in Church",https://www.thegospelcoalition.org/blogs/justin-taylor/friendship-singleness-church/,live,200,https://www.thegospelcoalition.org/blogs/justin-taylor/,HEAD,
christian-friendship,517,What Biblical Friendship Is—And Isn't,https://www.crossway.org/articles/what-friendship-is-and-is-not/,broken,404,https://www.crossway.org/articles/what-friendship-is-and-is-not/,HEAD,
christian-friendship,525,Building Real Community in a Digital Age,https://www.christianitytoday.com/ct/2021/october/community-church-isolation.html,broken,404,https://www.christianitytoday.com/ct/2021/october/community-church-isolation.html,HEAD,
christian-friendship,533,Beyond Small Groups: Making Friends in the Church,https://www.thegospelcoalition.org/article/small-groups-friendship/,broken,404,https://www.thegospelcoalition.org/article/small-groups-friendship/,HEAD,
christian-friendship,541,The Gospel and Embodied Community,https://www.crossway.org/articles/the-gospel-and-embodied-community/,broken,404,https://www.crossway.org/articles/the-gospel-and-embodied-community/,HEAD,
christian-friendship,549,Hospitality as the Gateway to Friendship,https://www.thegospelcoalition.org/blogs/justin-taylor/hospitality-friendship-church/,live,200,https://www.thegospelcoalition.org/blogs/justin-taylor/,HEAD,
christian-friendship,557,Why Loneliness Is a Spiritual Problem,https://www.christianitytoday.com/ct/2022/february/lament-loneliness-church.html,broken,404,https://www.christianitytoday.com/ct/2022/february/lament-loneliness-church.html,HEAD,
christian-masculinity,455,Article on this topic,https://www.thegospelcoalition.org/article/topic/,broken,404,https://www.thegospelcoalition.org/article/topic/,HEAD,
christian-masculinity,456,Further reading,https://www.crossway.org/articles/topic/,broken,404,https://www.crossway.org/articles/topic/,HEAD,
christian-masculinity,466,Article on this topic,https://www.desiringgod.org/articles/topic/,broken,403,https://www.desiringgod.org/articles/topic/,GET,
christian-masculinity,467,Further reading,https://www.9marks.org/article/topic/,broken,444,https://www.9marks.org/article/topic/,HEAD,
christian-masculinity,477,Article on this topic,https://christianitytoday.com/article/topic/,broken,404,https://www.christianitytoday.com/article/topic/,HEAD,
christian-masculinity,478,Further reading,https://firstthings.com/article/topic/,broken,404,https://firstthings.com/article/topic/,HEAD,
christian-masculinity,504,Understanding Christian Masculinity,https://www.thegospelcoalition.org/article/topic-overview/,broken,404,https://www.thegospelcoalition.org/article/topic-overview/,HEAD,
christian-masculinity,512,Scripture on Christian Masculinity: A Biblical Overview,https://www.crossway.org/articles/topic-biblical/,broken,404,https://www.crossway.org/articles/topic-biblical/,HEAD,
christian-masculinity,520,Christian Masculinity and the Gospel,https://www.desiringgod.org/articles/topic-gospel/,broken,403,https://www.desiringgod.org/articles/topic-gospel/,GET,
christian-masculinity,528,Historical Perspectives on Christian Masculinity,https://www.9marks.org/article/topic-history/,broken,404,https://www.9marks.org/article/topic-history/,HEAD,
christian-masculinity,536,Position One on Christian Masculinity,https://www.ligonier.org/learn/articles/topic-position-one/,broken,404,https://learn.ligonier.org/articles/topic-position-one,HEAD,
christian-masculinity,544,Alternative Perspectives on Christian Masculinity,https://www.christianitytoday.com/article/topic-alternative/,broken,404,https://www.christianitytoday.com/article/topic-alternative/,HEAD,
christian-masculinity,552,Christian Masculinity in the Church Today,https://www.albertmohler.com/2024/topic-church-today/,unreachable,,,,timeout
christian-masculinity,560,Practicing Christian Masculinity: From Theology to Life,https://firstthings.com/article/topic-practice/,broken,404,https://firstthings.com/article/topic-practice/,HEAD,
christian-nationalism,451,The Case for Christian Nationalism,https://www.amazon.com/Case-Christian-Nationalism-Stephen-Wolfe/dp/153965935X,live,200,https://www.amazon.com/Case-Christian-Nationalism-Stephen-Wolfe/dp/153965935X,HEAD,
christian-nationalism,452,Gods and Kings: On the Relationship Between Church and State,https://www.crossway.org/articles/gods-and-kings-relationship-church-state/,broken,404,https://www.crossway.org/articles/gods-and-kings-relationship-church-state/,HEAD,
christian-nationalism,462,Onward: Engaging the Culture Without Losing the Gospel,https://www.crossway.org/books/onward-2/,broken,404,https://www.crossway.org/books/onward-2/,HEAD,
christian-nationalism,463,Christians in the Public Square,https://www.erlc.com/resource-library/,broken,403,https://www.erlc.com/resource-library/,GET,
christian-nationalism,473,How to Speak Truth in a Political Age,https://mereorthodoxy.com/truth-political-age/,broken,404,https://mereorthodoxy.com/truth-political-age/,HEAD,
christian-nationalism,474,The Politics of Christians,https://www.christianitytoday.com/ct/2024/march/politics-christians/,broken,404,https://www.christianitytoday.com/ct/2024/march/politics-christians/,HEAD,
christian-parenting,456,Discipline That Connects with Our Children’s Hearts,https://www.desiringgod.org/articles/discipline-that-connects-with-our-childrens-hearts,broken,403,https://www.desiringgod.org/articles/discipline-that-connects-with-our-childrens-hearts,GET,
christian-parenting,457,"My Son, Give Me Your Heart",https://www.desiringgod.org/articles/my-son-give-me-your-heart,broken,403,https://www.desiringgod.org/articles/my-son-give-me-your-heart,GET,
christian-parenting,467,Grace-Based Discipline in Real Life,https://www.thegospelcoalition.org/article/grace-based-discipline-real-life/,live,200,https://www.thegospelcoalition.org/article/grace-based-discipline-real-life/,HEAD,
christian-parenting,468,What Your Kids Need from You,https://www.thegospelcoalition.org/article/what-your-kids-need-from-you/,live,200,https://www.thegospelcoalition.org/article/what-your-kids-need-from-you/,HEAD,
christian-parenting,478,10 Things You Should Know About Family Discipleship,https://www.crossway.org/articles/10-things-you-should-know-about-family-discipleship/,live,200,https://www.crossway.org/articles/10-things-you-should-know-about-family-discipleship/,HEAD,
christian-parenting,479,How to Prioritize Family Discipleship,https://www.thegospelcoalition.org/podcasts/gospelbound/how-to-prioritize-family-discipleship/,live,200,https://www.thegospelcoalition.org/podcasts/gospelbound/how-to-prioritize-family-discipleship/,HEAD,
christian-parenting,505,The Ultimate Goal of Parenting,https://www.crossway.org/articles/the-ultimate-goal-of-parenting/,live,200,https://www.crossway.org/articles/the-ultimate-goal-of-parenting/,HEAD,
christian-parenting,513,Discipline That Connects with Our Children’s Hearts,https://www.desiringgod.org/articles/discipline-that-connects-with-our-childrens-hearts,broken,403,https://www.desiringgod.org/articles/discipline-that-connects-with-our-childrens-hearts,GET,
christian-parenting,521,Grace-Based Discipline in Real Life,https://www.thegospelcoalition.org/article/grace-based-discipline-real-life/,live,200,https://www.thegospelcoalition.org/article/grace-based-discipline-real-life/,HEAD,
christian-parenting,529,"My Son, Give Me Your Heart: The First Desire of Fruitful Parenting",https://www.desiringgod.org/articles/my-son-give-me-your-heart,broken,403,https://www.desiringgod.org/articles/my-son-give-me-your-heart,GET,
christian-parenting,537,10 Things You Should Know About Family Discipleship,https://www.crossway.org/articles/10-things-you-should-know-about-family-discipleship/,live,200,https://www.crossway.org/articles/10-things-you-should-know-about-family-discipleship/,HEAD,
christian-parenting,545,What Your Kids Need from You,https://www.thegospelcoalition.org/article/what-your-kids-need-from-you/,live,200,https://www.thegospelcoalition.org/article/what-your-kids-need-from-you/,HEAD,
christian-parenting,553,"Parents, Obey God and Require Obedience",https://www.desiringgod.org/articles/parents-obey-god-and-require-obedience,broken,403,https://www.desiringgod.org/articles/parents-obey-god-and-require-obedience,GET,
christian-parenting,561,5 Core Principles of Biblical Discipline Every Parent Should Know,https://www.focusonthefamily.com/parenting/five-characteristics-of-biblical-discipline/,live,200,https://www.focusonthefamily.com/parenting/five-characteristics-of-biblical-discipline/,HEAD,
christian-parenting,569,5 Principles for Disciplining Your Children,https://www.thegospelcoalition.org/article/5-principles-disciplining-children/,live,200,https://www.thegospelcoalition.org/article/5-principles-disciplining-children/,HEAD,
christian-parenting,577,What Family Discipleship Is (and Is Not),https://www.crossway.org/articles/what-family-discipleship-is-and-is-not/,live,200,https://www.crossway.org/articles/what-family-discipleship-is-and-is-not/,HEAD,
christology,455,What We Confess About Christ,https://www.thegospelcoalition.org/article/christology-nicene-creed/,broken,404,https://www.thegospelcoalition.org/article/christology-nicene-creed/,HEAD,
christology,456,The Hypostatic Union Explained,https://www.ligonier.org/learn/articles/hypostatic-union/,broken,404,https://learn.ligonier.org/articles/hypostatic-union,HEAD,
christology,466,Understanding Kenosis,https://www.crossway.org/articles/what-is-kenosis/,broken,404,https://www.crossway.org/articles/what-is-kenosis/,HEAD,
christology,467,Christ's Voluntary Limitation,https://www.desiringgod.org/articles/the-kenosis-of-christ/,broken,403,https://www.desiringgod.org/articles/the-kenosis-of-christ/,GET,
christology,477,God Suffered and Died,https://www.9marks.org/article/god-suffered/,broken,404,https://www.9marks.org/article/god-suffered/,HEAD,
christology,478,Luther on Two Natures in One Person,https://www.thegospelcoalition.org/article/luther-christology/,broken,404,https://www.thegospelcoalition.org/article/luther-christology/,HEAD,
christology,504,The Person of Christ: Christology in Classical Christian Perspective,https://www.thegospelcoalition.org/article/christology-classical-perspective/,broken,404,https://www.thegospelcoalition.org/article/christology-classical-perspective/,HEAD,
christology,512,"Jesus Christ: Truly God, Truly Human",https://www.desiringgod.org/articles/jesus-truly-god-truly-human/,broken,403,https://www.desiringgod.org/articles/jesus-truly-god-truly-human/,GET,
christology,520,Understanding the Hypostatic Union,https://www.ligonier.org/learn/articles/hypostatic-union/,broken,404,https://learn.ligonier.org/articles/hypostatic-union,HEAD,
christology,528,Did Jesus Know He Was God? Christology and the Gospels,https://www.9marks.org/article/did-jesus-know-he-was-god/,broken,404,https://www.9marks.org/article/did-jesus-know-he-was-god/,HEAD,
christology,536,The Incarnation and the Trinity,https://www.crossway.org/articles/incarnation-trinity-christology/,broken,404,https://www.crossway.org/articles/incarnation-trinity-christology/,HEAD,
christology,544,Kenosis: Did Jesus Lay Aside His Divine Attributes?,https://www.albertmohler.com/2024/03/christology-kenosis-emptying/,unreachable,,,,timeout
christology,552,God Became Human: The Marvel of the Incarnation,https://www.christianitytoday.com/article/god-became-human-incarnation-marvel/,broken,404,https://www.christianitytoday.com/article/god-became-human-incarnation-marvel/,HEAD,
christology,560,Christ at the Center: Confessional Christology for Today,https://www.firstthings.com/article/christology-confessional-evangelical/,broken,404,https://firstthings.com/article/christology-confessional-evangelical/,HEAD,
church-accountability,451,Protecting the Flock: Building a Safer Church,https://www.9marks.org/article/pastoral-accountability/,broken,404,https://www.9marks.org/article/pastoral-accountability/,HEAD,
church-accountability,452,Overseers of the Flock,https://www.desiringgod.org/articles/overseers-of-the-flock/,broken,403,https://www.desiringgod.org/articles/overseers-of-the-flock/,GET,
church-accountability,462,The Care of Souls: Protecting the Vulnerable in Churches,https://www.gracealliance.org/,live,200,https://www.gracealliance.org/,HEAD,
church-accountability,463,Abusive Leaders and the Churches That Enable Them,https://www.christianitytoday.com/ct/2024/january/abuse-accountability/,broken,404,https://www.christianitytoday.com/ct/2024/january/abuse-accountability/,HEAD,
church-accountability,473,Protecting Ministry Leaders from Moral Failure,https://mereorthodoxy.com/ministry-leaders-accountability/,broken,404,https://mereorthodoxy.com/ministry-leaders-accountability/,HEAD,
church-accountability,474,Integrity: The Courage to Meet the Demands of Reality,https://www.ccef.org/,live,200,https://www.ccef.org/,HEAD,
church-discipline,452,Church Discipline: A Love Story (9Marks),https://www.9marks.org/article/church-discipline/,live,200,https://www.9marks.org/article/church-discipline-and-expressive-individualism/,HEAD,
church-discipline,452,Recovering Church Discipline (Crossway),https://www.crossway.org/articles/recovering-church-discipline/,broken,404,https://www.crossway.org/articles/recovering-church-discipline/,HEAD,
church-discipline,459,When Church Discipline Goes Wrong (TGC),https://www.thegospelcoalition.org/article/when-church-discipline-goes-wrong/,broken,404,https://www.thegospelcoalition.org/article/when-church-discipline-goes-wrong/,HEAD,
church-discipline,459,Discipline as Mercy (Desiring God),https://www.desiringgod.org/articles/church-discipline-mercy,broken,403,https://www.desiringgod.org/articles/church-discipline-mercy,GET,
church-discipline,483,What Is Church Discipline?,https://www.9marks.org/article/what-is-church-discipline/,unreachable,,,,timeout
church-discipline,491,The Biblical Case for Church Discipline,https://www.9marks.org/article/the-biblical-case-for-church-discipline/,broken,404,https://www.9marks.org/article/the-biblical-case-for-church-discipline/,HEAD,
church-discipline,499,Church Discipline in an Age of Grace,https://www.thegospelcoalition.org/article/church-discipline-in-an-age-of-grace/,broken,404,https://www.thegospelcoalition.org/article/church-discipline-in-an-age-of-grace/,HEAD,
church-discipline,507,When Church Discipline Is Not Warranted,https://www.desiringgod.org/articles/when-church-discipline-is-not-warranted,broken,403,https://www.desiringgod.org/articles/when-church-discipline-is-not-warranted,GET,
church-discipline,515,How to Restore Church Discipline in Your Church,https://www.crossway.org/articles/how-to-restore-church-discipline/,broken,404,https://www.crossway.org/articles/how-to-restore-church-discipline/,HEAD,
church-discipline,523,10 Things You Should Know About Church Discipline,https://www.crossway.org/articles/10-things-you-should-know-about-church-discipline/,live,200,https://www.crossway.org/articles/10-things-you-should-know-about-church-discipline/,HEAD,
church-discipline,531,Mental Illness and Church Discipline: Seven Principles for Pastors,https://www.desiringgod.org/articles/mental-illness-and-church-discipline,broken,403,https://www.desiringgod.org/articles/mental-illness-and-church-discipline,GET,
church-discipline,539,5 Ways to Keep Church Discipline From Seeming Weird,https://www.thegospelcoalition.org/article/5-ways-to-keep-church-discipline-from-seeming-weird/,live,200,https://www.thegospelcoalition.org/article/5-ways-to-keep-church-discipline-from-seeming-weird/,HEAD,
church-discipline,547,Church Discipline: Restoration and Excommunication,https://www.thegospelcoalition.org/article/church-discipline-restoration-and-excommunication/,broken,404,https://www.thegospelcoalition.org/article/church-discipline-restoration-and-excommunication/,HEAD,
church-discipline,555,Shaping Holy Disciples,https://www.christianitytoday.com/ct/2005/august/14.32.html,live,200,https://www.christianitytoday.com/2005/07/shaping-holy-disciples/,HEAD,
church-governance,455,Article on this topic,https://www.thegospelcoalition.org/article/topic/,broken,404,https://www.thegospelcoalition.org/article/topic/,HEAD,
church-governance,456,Further reading,https://www.crossway.org/articles/topic/,broken,404,https://www.crossway.org/articles/topic/,HEAD,
church-governance,466,Article on this topic,https://www.desiringgod.org/articles/topic/,broken,403,https://www.desiringgod.org/articles/topic/,GET,
church-governance,467,Further reading,https://www.9marks.org/article/topic/,broken,444,https://www.9marks.org/article/topic/,HEAD,
church-governance,477,Article on this topic,https://christianitytoday.com/article/topic/,broken,404,https://www.christianitytoday.com/article/topic/,HEAD,
church-governance,478,Further reading,https://firstthings.com/article/topic/,broken,404,https://firstthings.com/article/topic/,HEAD,
church-governance,504,Understanding Church Governance,https://www.thegospelcoalition.org/article/topic-overview/,broken,404,https://www.thegospelcoalition.org/article/topic-overview/,HEAD,
church-governance,512,Scripture on Church Governance: A Biblical Overview,https://www.crossway.org/articles/topic-biblical/,broken,404,https://www.crossway.org/articles/topic-biblical/,HEAD,
church-governance,520,Church Governance and the Gospel,https://www.desiringgod.org/articles/topic-gospel/,broken,403,https://www.desiringgod.org/articles/topic-gospel/,GET,
church-governance,528,Historical Perspectives on Church Governance,https://www.9marks.org/article/topic-history/,broken,404,https://www.9marks.org/article/topic-history/,HEAD,
church-governance,536,Position One on Church Governance,https://www.ligonier.org/learn/articles/topic-position-one/,broken,404,https://learn.ligonier.org/articles/topic-position-one,HEAD,
church-governance,544,Alternative Perspectives on Church Governance,https://www.christianitytoday.com/article/topic-alternative/,broken,404,https://www.christianitytoday.com/article/topic-alternative/,HEAD,
church-governance,552,Church Governance in the Church Today,https://www.albertmohler.com/2024/topic-church-today/,unreachable,,,,timeout
church-governance,560,Practicing Church Governance: From Theology to Life,https://firstthings.com/article/topic-practice/,broken,404,https://firstthings.com/article/topic-practice/,HEAD,
church-history,452,The Reformation Was Not a Schism (Ligonier),https://www.ligonier.org/learn/articles/reformation-not-schism,broken,404,https://learn.ligonier.org/articles/reformation-not-schism,HEAD,
church-history,452,Trueman on the Reformation Gospel (Crossway),https://www.crossway.org/articles/trueman-reformation-gospel/,broken,404,https://www.crossway.org/articles/trueman-reformation-gospel/,HEAD,
church-history,459,Evangelical Catholicity (TGC),https://www.thegospelcoalition.org/article/evangelical-catholicity/,broken,404,https://www.thegospelcoalition.org/article/evangelical-catholicity/,HEAD,
church-history,459,Retrieval Theology for Evangelicals (Crossway),https://www.crossway.org/articles/retrieval-theology-evangelicals/,broken,404,https://www.crossway.org/articles/retrieval-theology-evangelicals/,HEAD,
church-history,483,Why Church History Matters,https://www.thegospelcoalition.org/essay/church-history/,broken,404,https://www.thegospelcoalition.org/essay/church-history/,HEAD,
church-history,491,The Reformation and the Gospel,https://www.ligonier.org/learn/articles/the-reformation-and-the-gospel,broken,404,https://learn.ligonier.org/articles/the-reformation-and-the-gospel,HEAD,
church-history,499,What Evangelicals Can Learn from the Early Church,https://www.thegospelcoalition.org/article/what-evangelicals-can-learn-from-the-early-church/,broken,404,https://www.thegospelcoalition.org/article/what-evangelicals-can-learn-from-the-early-church/,HEAD,
church-history,507,Carl Trueman on Why History Matters,https://www.crossway.org/articles/carl-trueman-on-why-history-matters/,broken,404,https://www.crossway.org/articles/carl-trueman-on-why-history-matters/,HEAD,
church-history,515,How Church History Strengthens Faith,https://www.desiringgod.org/articles/how-church-history-strengthens-faith,broken,403,https://www.desiringgod.org/articles/how-church-history-strengthens-faith,GET,
church-history,523,Church Fathers for Evangelicals,https://www.christianitytoday.com/history/2008/august/church-fathers-for-evangelicals.html,live,200,https://www.christianitytoday.com/2008/08/church-fathers-for-evangelicals/,HEAD,
church-history,531,The Two Wings of Evangelicalism,https://www.firstthings.com/blogs/firstthoughts/2013/11/the-two-wings-of-evangelicalism,live,200,https://firstthings.com/the-two-wings-of-evangelicalism/,HEAD,
church-history,539,Evangelicals Must Not Ignore the Church Fathers,https://voices.lifeway.com/bible-theology/evangelicals-must-not-ignore-the-church-fathers/,live,200,https://voices.lifeway.com/bible-theology/evangelicals-must-not-ignore-the-church-fathers/,HEAD,
church-history,547,What Should Protestants Know About the Early Church Fathers?,https://learn.ligonier.org/articles/early-church-fathers,live,200,https://learn.ligonier.org/articles/early-church-fathers,HEAD,
church-history,555,What Is an Evangelical? The Confessional Evangelical View,https://www.thegospelcoalition.org/blogs/trevin-wax/what-is-an-evangelical-2-the-confessional-evangelical-view/,live,200,https://www.thegospelcoalition.org/blogs/trevin-wax/what-is-an-evangelical-2-the-confessional-evangelical-view/,HEAD,
church-planting,455,3 Books Every Church Planter Should Read,https://www.thegospelcoalition.org/article/tgc-asks-3-books-every-church-planter-should-read/,live,200,https://www.thegospelcoalition.org/article/tgc-asks-3-books-every-church-planter-should-read/,HEAD,
church-planting,456,The Most Important Role of Denominations in Church Planting,https://www.christianitytoday.com/edstetzer/2016/march/most-important-role-of-denominations-in-church-planting.html,broken,404,https://www.christianitytoday.com/edstetzer/2016/march/most-important-role-of-denominations-in-church-planting.html,GET,
church-planting,466,Acts 29: A Network on Mission,https://www.acts29.com/about-us/,live,200,https://www.acts29.com/about-us/,HEAD,
church-planting,467,Why Church Planters Must Lead in Mission,https://www.thegospelcoalition.org/article/why-church-planters-must-lead-mission/,broken,404,https://www.thegospelcoalition.org/article/why-church-planters-must-lead-mission/,HEAD,
church-planting,477,Church Revitalization Triage: First Steps to Save a Declining Church,https://research.lifeway.com/2024/08/05/church-revitalization-triage-whats-the-first-step-to-save-a-declining-church/,live,200,https://research.lifeway.com/2024/08/05/church-revitalization-triage-whats-the-first-step-to-save-a-declining-church/,HEAD,
church-planting,478,8 Common Characteristics of Successful Church Revitalizations,https://research.lifeway.com/2017/05/29/8-common-characteristics-successful-church-revitalizations/,live,200,https://research.lifeway.com/2017/05/29/8-common-characteristics-successful-church-revitalizations/,HEAD,
church-planting,504,Five Church-Planting Dangers,https://www.thegospelcoalition.org/article/five-church-planting-dangers/,live,200,https://www.thegospelcoalition.org/article/five-church-planting-dangers/,HEAD,
church-planting,512,How to Survive the First 5 Years of Church Planting,https://www.thegospelcoalition.org/article/how-to-survive-the-first-5-years-of-church-planting/,broken,404,https://www.thegospelcoalition.org/article/how-to-survive-the-first-5-years-of-church-planting/,HEAD,
church-planting,520,Why We Need a Missiological Edge in Church Planting,https://www.christianitytoday.com/edstetzer/2018/february/why-we-need-missiological-edge-in-church-planting.html,broken,404,https://www.christianitytoday.com/edstetzer/2018/february/why-we-need-missiological-edge-in-church-planting.html,HEAD,
church-planting,528,Church Planters Need Pastoring Too,https://www.acts29.com/church-planters-need-pastoring-too/,live,200,https://www.acts29.com/church-planters-need-pastoring-too/,HEAD,
church-planting,536,Church Revitalization Triage: What's the First Step to Save a Declining Church?,https://research.lifeway.com/2024/08/05/church-revitalization-triage-whats-the-first-step-to-save-a-declining-church/,live,200,https://research.lifeway.com/2024/08/05/church-revitalization-triage-whats-the-first-step-to-save-a-declining-church/,HEAD,
church-planting,544,8 Common Characteristics of Successful Church Revitalizations,https://research.lifeway.com/2017/05/29/8-common-characteristics-successful-church-revitalizations/,live,200,https://research.lifeway.com/2017/05/29/8-common-characteristics-successful-church-revitalizations/,HEAD,
church-planting,552,5 Necessities for Church Revitalization,https://research.lifeway.com/2019/04/10/5-necessities-for-church-revitalization/,live,200,https://research.lifeway.com/2019/04/10/5-necessities-for-church-revitalization/,HEAD,
church-planting,560,Foundations for Fruitful Church Planting: Essentials Before You Launch,https://www.thegospelcoalition.org/article/foundations-for-fruitful-church-planting-essentials-before-you-launch/,broken,404,https://www.thegospelcoalition.org/article/foundations-for-fruitful-church-planting-essentials-before-you-launch/,HEAD,
church-planting,568,"Church Planting, Partner Churches, and Denominations: Fear Not",https://www.christianitytoday.com/edstetzer/2013/june/church-planting-partner-churches-and-denominations-fear-not.html,broken,404,https://www.christianitytoday.com/edstetzer/2013/june/church-planting-partner-churches-and-denominations-fear-not.html,HEAD,
church-planting,576,Not All Church Planting in Missions Is Created Equal,https://www.thegospelcoalition.org/article/not-all-church-planting-in-missions-is-created-equal/,broken,404,https://www.thegospelcoalition.org/article/not-all-church-planting-in-missions-is-created-equal/,HEAD,
complementarianism-egalitarianism,455,What Is Complementarianism? (The Gospel Coalition),https://www.thegospelcoalition.org/essay/what-is-complementarianism/,broken,404,https://www.thegospelcoalition.org/essay/what-is-complementarianism/,HEAD,
complementarianism-egalitarianism,456,CBMW Resources,https://cbmw.org/resources/articles/,live,200,https://cbmw.org/articles/,HEAD,
complementarianism-egalitarianism,466,CBE International Resources,https://www.cbeinternational.org/,live,200,https://www.cbeinternational.org/,HEAD,
complementarianism-egalitarianism,467,The Evangelical Case for Egalitarianism (Mere Orthodoxy),https://mereorthodoxy.com/egalitarianism-evangelical-case/,broken,404,https://mereorthodoxy.com/egalitarianism-evangelical-case/,HEAD,
complementarianism-egalitarianism,477,Complementarianism and Culture (TGC),https://www.thegospelcoalition.org/article/complementarianism-and-culture/,broken,404,https://www.thegospelcoalition.org/article/complementarianism-and-culture/,HEAD,
complementarianism-egalitarianism,478,Women in Ministry: Sorting It Out (9Marks),https://www.9marks.org/article/women-in-ministry-sorting-it-out/,unreachable,,,,timeout
complementarianism-egalitarianism,504,What Is Complementarianism?,https://www.thegospelcoalition.org/essay/what-is-complementarianism/,broken,404,https://www.thegospelcoalition.org/essay/what-is-complementarianism/,HEAD,
complementarianism-egalitarianism,512,Essential and Indispensable: Women and the Mission of the Church,https://www.9marks.org/article/essential-and-indispensable-women-and-the-mission-of-the-church/,live,200,https://www.9marks.org/article/essential-and-indispensable-women-and-the-mission-of-the-church/,HEAD,
complementarianism-egalitarianism,520,The Role of Women in Healthy Church Formation,https://www.9marks.org/article/the-role-of-women-in-healthy-church-formation/,live,200,https://www.9marks.org/article/the-role-of-women-in-healthy-church-formation/,HEAD,
complementarianism-egalitarianism,528,"Complementarian at Home, Egalitarian at Church? Paul Would Approve",https://www.christianitytoday.com/2024/03/complementarian-home-egalitarian-church-paul-hugenberger/,live,200,https://www.christianitytoday.com/2024/03/complementarian-home-egalitarian-church-paul-hugenberger/,HEAD,
complementarianism-egalitarianism,536,"What Does It Mean That Women Should ""Remain Quiet"" in Church? (1 Timothy 2)",https://www.crossway.org/articles/what-does-it-mean-that-women-should-remain-quiet-in-church-1-timothy-2/,live,200,https://www.crossway.org/articles/what-does-it-mean-that-women-should-remain-quiet-in-church-1-timothy-2/,HEAD,
complementarianism-egalitarianism,544,The Many Ministries of Godly Women,https://www.desiringgod.org/articles/the-many-ministries-of-godly-women,broken,403,https://www.desiringgod.org/articles/the-many-ministries-of-godly-women,GET,
complementarianism-egalitarianism,552,Even Egalitarian Churches Limit Women's Leadership,https://www.cbeinternational.org/resource/even-egalitarian-churches-limit-womens-leadership/,live,200,https://www.cbeinternational.org/resource/even-egalitarian-churches-limit-womens-leadership/,HEAD,
complementarianism-egalitarianism,560,4 Dangers for Complementarians,https://www.thegospelcoalition.org/article/four-dangers-for-complementarians/,live,200,https://www.thegospelcoalition.org/article/four-dangers-for-complementarians/,HEAD,
complementarianism-egalitarianism,568,Jennifer Lyell on Women in Leadership,https://erlc.com/erlc-podcast/jennifer-lyell-on-women-in-leadership/,broken,403,https://erlc.com/erlc-podcast/jennifer-lyell-on-women-in-leadership/,GET,
complementarianism-egalitarianism,576,The Evangelical Gender Crack-Up,https://mereorthodoxy.com/evangelical-gender-crack-up,live,200,https://mereorthodoxy.com/evangelical-gender-crack-up,HEAD,
contemplative-prayer,451,Prayer: The Weapon and the Armor,https://www.crossway.org/articles/prayer-weapon-armor/,broken,404,https://www.crossway.org/articles/prayer-weapon-armor/,HEAD,
contemplative-prayer,452,Rediscovering Prayer,https://www.ligonier.org/learn/articles/rediscovering-prayer/,broken,404,https://learn.ligonier.org/articles/rediscovering-prayer,HEAD,
contemplative-prayer,462,Invitation to a Deeper Conversation,https://www.runnymederetreat.org/,unreachable,,,,conn:ConnectionError
contemplative-prayer,463,The Contemplative Life,https://www.amazon.com/Contemplative-Life-Cynthia-Bourgeault/dp/1596742127,live,200,https://www.amazon.com/Contemplative-Life-Cynthia-Bourgeault/dp/1596742127,HEAD,
contemplative-prayer,473,Prayer: Finding the Heart's True Home,https://www.harpercollins.com/products/prayer-finding-the-hearts-true-home-richard-foster/,broken,403,https://www.harpercollins.com/products/prayer-finding-the-hearts-true-home-richard-foster/,GET,
contemplative-prayer,474,Practicing the Presence of God,https://www.amazon.com/Practicing-Presence-God-Frank-Laubach/dp/1572754370,live,200,https://www.amazon.com/Practicing-Presence-God-Frank-Laubach/dp/1572754370,HEAD,
covenant-theology,455,Covenant Theology Overview,https://www.ligonier.org/learn/articles/covenant-theology-overview/,broken,404,https://learn.ligonier.org/articles/covenant-theology-overview,HEAD,
covenant-theology,456,Why Covenant Theology Matters,https://www.thegospelcoalition.org/article/covenant-theology-matters/,broken,404,https://www.thegospelcoalition.org/article/covenant-theology-matters/,HEAD,
covenant-theology,466,What is Dispensationalism?,https://www.crossway.org/articles/what-is-dispensationalism/,broken,404,https://www.crossway.org/articles/what-is-dispensationalism/,HEAD,
covenant-theology,467,Dispensationalism and Prophecy,https://www.desiringgod.org/articles/dispensationalism-prophecy/,broken,403,https://www.desiringgod.org/articles/dispensationalism-prophecy/,GET,
covenant-theology,477,Progressive Covenantalism Explained,https://www.9marks.org/article/progressive-covenantalism/,broken,404,https://www.9marks.org/article/progressive-covenantalism/,HEAD,
covenant-theology,478,The Covenants and Christ's Fulfillment,https://www.thegospelcoalition.org/article/covenants-christ-fulfillment/,broken,404,https://www.thegospelcoalition.org/article/covenants-christ-fulfillment/,HEAD,
covenant-theology,504,Understanding Covenant Theology,https://www.ligonier.org/learn/articles/covenant-theology-overview/,broken,404,https://learn.ligonier.org/articles/covenant-theology-overview,HEAD,
covenant-theology,512,What Is Dispensationalism?,https://www.crossway.org/articles/what-is-dispensationalism/,broken,404,https://www.crossway.org/articles/what-is-dispensationalism/,HEAD,
covenant-theology,520,Progressive Covenantalism: A Middle Way?,https://www.thegospelcoalition.org/article/progressive-covenantalism-middle-way/,broken,404,https://www.thegospelcoalition.org/article/progressive-covenantalism-middle-way/,HEAD,
covenant-theology,528,The Law and the Believer: Covenant Theology Perspective,https://www.9marks.org/article/law-believer-covenant-theology/,broken,404,https://www.9marks.org/article/law-believer-covenant-theology/,HEAD,
covenant-theology,536,Israel and the Church: What Are the Differences?,https://www.desiringgod.org/articles/israel-and-the-church/,broken,403,https://www.desiringgod.org/articles/israel-and-the-church/,GET,
covenant-theology,544,Reading Prophecy: The Covenant Framework,https://www.crossway.org/articles/prophecy-covenant-framework/,broken,404,https://www.crossway.org/articles/prophecy-covenant-framework/,HEAD,
covenant-theology,552,The Covenants Explained: From Genesis to Revelation,https://www.christianitytoday.com/article/covenants-genesis-revelation/,broken,404,https://www.christianitytoday.com/article/covenants-genesis-revelation/,HEAD,
covenant-theology,560,Why Covenant Theology Matters Today,https://www.albertmohler.com/2024/05/covenant-theology-evangelical-faith/,unreachable,,,,timeout
creation-care,455,Article on this topic,https://www.thegospelcoalition.org/article/topic/,broken,404,https://www.thegospelcoalition.org/article/topic/,HEAD,
creation-care,456,Further reading,https://www.crossway.org/articles/topic/,broken,404,https://www.crossway.org/articles/topic/,HEAD,
creation-care,466,Article on this topic,https://www.desiringgod.org/articles/topic/,broken,403,https://www.desiringgod.org/articles/topic/,GET,
creation-care,467,Further reading,https://www.9marks.org/article/topic/,broken,444,https://www.9marks.org/article/topic/,HEAD,
creation-care,477,Article on this topic,https://christianitytoday.com/article/topic/,broken,404,https://www.christianitytoday.com/article/topic/,HEAD,
creation-care,478,Further reading,https://firstthings.com/article/topic/,broken,404,https://firstthings.com/article/topic/,HEAD,
creation-care,504,Understanding Creation Care,https://www.thegospelcoalition.org/article/topic-overview/,broken,404,https://www.thegospelcoalition.org/article/topic-overview/,HEAD,
creation-care,512,Scripture on Creation Care: A Biblical Overview,https://www.crossway.org/articles/topic-biblical/,broken,404,https://www.crossway.org/articles/topic-biblical/,HEAD,
creation-care,520,Creation Care and the Gospel,https://www.desiringgod.org/articles/topic-gospel/,broken,403,https://www.desiringgod.org/articles/topic-gospel/,GET,
creation-care,528,Historical Perspectives on Creation Care,https://www.9marks.org/article/topic-history/,broken,404,https://www.9marks.org/article/topic-history/,HEAD,
creation-care,536,Position One on Creation Care,https://www.ligonier.org/learn/articles/topic-position-one/,broken,404,https://learn.ligonier.org/articles/topic-position-one,HEAD,
creation-care,544,Alternative Perspectives on Creation Care,https://www.christianitytoday.com/article/topic-alternative/,broken,404,https://www.christianitytoday.com/article/topic-alternative/,HEAD,
creation-care,552,Creation Care in the Church Today,https://www.albertmohler.com/2024/topic-church-today/,unreachable,,,,timeout
creation-care,560,Practicing Creation Care: From Theology to Life,https://firstthings.com/article/topic-practice/,broken,404,https://firstthings.com/article/topic-practice/,HEAD,
creation-evolution,455,Why Does Creation Matter?,https://answersingenesis.org/why-does-creation-matter/,live,200,https://answersingenesis.org/why-does-creation-matter/,HEAD,
creation-evolution,456,Young-Earth Creationism (TGC),https://www.thegospelcoalition.org/article/young-earth-creationism/,broken,404,https://www.thegospelcoalition.org/article/young-earth-creationism/,HEAD,
creation-evolution,466,Why I Believe in Old-Earth Creationism,https://reasons.org/explore/publications/articles/why-i-believe-in-old-earth-creationism,broken,404,https://reasons.org/explore/publications/articles/why-i-believe-in-old-earth-creationism,HEAD,
creation-evolution,467,Old-Earth Creationism (Crossway),https://www.crossway.org/articles/old-earth-creationism/,broken,404,https://www.crossway.org/articles/old-earth-creationism/,HEAD,
creation-evolution,477,What Is Evolutionary Creationism?,https://biologos.org/common-questions/what-is-evolutionary-creationism,broken,429,https://biologos.org/common-questions/what-is-evolutionary-creationism,HEAD,
creation-evolution,478,Evolutionary Creationism (TGC),https://www.thegospelcoalition.org/article/evolutionary-creationism/,broken,404,https://www.thegospelcoalition.org/article/evolutionary-creationism/,HEAD,
creation-evolution,504,Why Christians Should Not Divide Over the Age of the Earth,https://www.thegospelcoalition.org/blogs/justin-taylor/why-christians-should-not-divide-over-the-age-of-the-earth/,live,200,https://www.thegospelcoalition.org/blogs/justin-taylor/why-christians-should-not-divide-over-the-age-of-the-earth/,HEAD,
creation-evolution,512,What’s Wrong with Theistic Evolution?,https://www.thegospelcoalition.org/blogs/kevin-deyoung/whats-wrong-with-theistic-evolution-2/,live,200,https://www.thegospelcoalition.org/blogs/kevin-deyoung/whats-wrong-with-theistic-evolution-2/,HEAD,
creation-evolution,520,10 Things You Should Know About Genesis 1–3,https://www.crossway.org/articles/10-things-you-should-know-about-genesis-13/,live,200,https://www.crossway.org/articles/10-things-you-should-know-about-genesis-13/,HEAD,
creation-evolution,528,Are Creationists Anti-Science?,https://www.crossway.org/articles/are-creationists-anti-science/,live,200,https://www.crossway.org/articles/are-creationists-anti-science/,HEAD,
creation-evolution,536,Genesis and Evolution,https://desiringgod.org/articles/genesis-and-evolution,broken,403,https://desiringgod.org/articles/genesis-and-evolution,GET,
creation-evolution,544,What Is Evolutionary Creationism?,https://biologos.org/common-questions/what-is-evolutionary-creationism,broken,429,https://biologos.org/common-questions/what-is-evolutionary-creationism,HEAD,
creation-evolution,552,Young-Earth Creationism,https://www.ligonier.org/learn/articles/young-earth-creationism/,broken,404,https://learn.ligonier.org/articles/young-earth-creationism,HEAD,
creation-evolution,560,"Adam, Eve, and Evolution",https://www.christianitytoday.com/ct/2006/august/1.20.html,broken,404,https://www.christianitytoday.com/ct/2006/august/1.20.html,HEAD,
creation-evolution,568,Why I Believe in Old-Earth Creationism,https://reasons.org/explore/publications/articles/why-i-believe-in-old-earth-creationism,broken,404,https://reasons.org/explore/publications/articles/why-i-believe-in-old-earth-creationism,HEAD,
creation-evolution,576,Evangelical Interpretations of Genesis 1–2,https://www.thegospelcoalition.org/article/evangelical-interpretations-genesis-1-2/,broken,404,https://www.thegospelcoalition.org/article/evangelical-interpretations-genesis-1-2/,HEAD,
death-and-dying,455,Article on this topic,https://www.thegospelcoalition.org/article/topic/,broken,404,https://www.thegospelcoalition.org/article/topic/,HEAD,
death-and-dying,456,Further reading,https://www.crossway.org/articles/topic/,broken,404,https://www.crossway.org/articles/topic/,HEAD,
death-and-dying,466,Article on this topic,https://www.desiringgod.org/articles/topic/,broken,403,https://www.desiringgod.org/articles/topic/,GET,
death-and-dying,467,Further reading,https://www.9marks.org/article/topic/,broken,444,https://www.9marks.org/article/topic/,HEAD,
death-and-dying,477,Article on this topic,https://christianitytoday.com/article/topic/,broken,404,https://www.christianitytoday.com/article/topic/,HEAD,
death-and-dying,478,Further reading,https://firstthings.com/article/topic/,broken,404,https://firstthings.com/article/topic/,HEAD,
death-and-dying,504,Understanding Death &amp; Dying,https://www.thegospelcoalition.org/article/topic-overview/,broken,404,https://www.thegospelcoalition.org/article/topic-overview/,HEAD,
death-and-dying,512,Scripture on Death &amp; Dying: A Biblical Overview,https://www.crossway.org/articles/topic-biblical/,broken,404,https://www.crossway.org/articles/topic-biblical/,HEAD,
death-and-dying,520,Death &amp; Dying and the Gospel,https://www.desiringgod.org/articles/topic-gospel/,broken,403,https://www.desiringgod.org/articles/topic-gospel/,GET,
death-and-dying,528,Historical Perspectives on Death &amp; Dying,https://www.9marks.org/article/topic-history/,broken,404,https://www.9marks.org/article/topic-history/,HEAD,
death-and-dying,536,Position One on Death &amp; Dying,https://www.ligonier.org/learn/articles/topic-position-one/,broken,404,https://learn.ligonier.org/articles/topic-position-one,HEAD,
death-and-dying,544,Alternative Perspectives on Death &amp; Dying,https://www.christianitytoday.com/article/topic-alternative/,broken,404,https://www.christianitytoday.com/article/topic-alternative/,HEAD,
death-and-dying,552,Death &amp; Dying in the Church Today,https://www.albertmohler.com/2024/topic-church-today/,unreachable,,,,timeout
death-and-dying,560,Practicing Death &amp; Dying: From Theology to Life,https://firstthings.com/article/topic-practice/,broken,404,https://firstthings.com/article/topic-practice/,HEAD,
discipleship,456,Discipling in the Church,https://www.9marks.org/article/discipling-in-the-church/,broken,404,https://www.9marks.org/article/discipling-in-the-church/,HEAD,
discipleship,457,4 Ways to Make Disciples (Dever),https://www.thegospelcoalition.org/article/4-ways-to-make-disciples/,live,200,https://www.thegospelcoalition.org/article/4-ways-to-make-disciples/,HEAD,
discipleship,467,What Did Jesus Teach About Discipleship,https://www.crossway.org/articles/what-did-jesus-teach-about-discipleship/,live,200,https://www.crossway.org/articles/what-did-jesus-teach-about-discipleship/,HEAD,
discipleship,468,How Did Jesus Make Disciples (Mathis),https://www.desiringgod.org/articles/how-did-jesus-make-disciples,broken,403,https://www.desiringgod.org/articles/how-did-jesus-make-disciples,GET,
discipleship,478,3 Steps for Making Disciples (Davis),https://www.acts29.com/3-steps-for-making-disciples/,live,200,https://www.acts29.com/3-steps-for-making-disciples/,HEAD,
discipleship,479,Discipleship Model Missing (Clark),https://www.thegospelcoalition.org/article/discipleship-model-missing/,live,200,https://www.thegospelcoalition.org/article/discipleship-model-missing/,HEAD,
discipleship,505,4 Ways to Make Disciples,https://www.thegospelcoalition.org/article/4-ways-to-make-disciples/,live,200,https://www.thegospelcoalition.org/article/4-ways-to-make-disciples/,HEAD,
discipleship,513,How Did Jesus Make Disciples?,https://www.desiringgod.org/articles/how-did-jesus-make-disciples,broken,403,https://www.desiringgod.org/articles/how-did-jesus-make-disciples,GET,
discipleship,521,Discipleship 101: How to Disciple a New Believer,https://www.crossway.org/articles/discipleship-101-how-to-disciple-a-new-believer/,live,200,https://www.crossway.org/articles/discipleship-101-how-to-disciple-a-new-believer/,HEAD,
discipleship,529,Is Your Discipleship Model Missing Something?,https://www.thegospelcoalition.org/article/discipleship-model-missing/,live,200,https://www.thegospelcoalition.org/article/discipleship-model-missing/,HEAD,
discipleship,537,What Is Discipleship and How Is It Done?,https://www.desiringgod.org/interviews/what-is-discipleship-and-how-is-it-done,broken,403,https://www.desiringgod.org/interviews/what-is-discipleship-and-how-is-it-done,GET,
discipleship,545,Discipling Is Inherently Countercultural,https://www.crossway.org/articles/discipling-is-inherently-countercultural/,live,200,https://www.crossway.org/articles/discipling-is-inherently-countercultural/,HEAD,
discipleship,553,3 Steps for Making Disciples,https://www.acts29.com/3-steps-for-making-disciples/,live,200,https://www.acts29.com/3-steps-for-making-disciples/,HEAD,
discipleship,561,Discipling in the Church,https://www.9marks.org/article/discipling-in-the-church/,broken,404,https://www.9marks.org/article/discipling-in-the-church/,HEAD,
discipleship,569,Three Benefits of Discipleship,https://www.desiringgod.org/articles/three-benefits-of-discipleship,broken,403,https://www.desiringgod.org/articles/three-benefits-of-discipleship,GET,
discipleship,577,Active Discipleship in a Changing World,https://www.christianitytoday.com/2025/02/active-discipleship-in-a-changing-world/,live,200,https://www.christianitytoday.com/pastors/content/active-discipleship-in-a-changing-world/,HEAD,
eschatology,449,What Do Evangelicals Believe About the End Times? — The Gospel Coalition,https://www.thegospelcoalition.org/blogs/justin-taylor/what-do-evangelicals-believe-about-the-end-times/,live,200,https://www.thegospelcoalition.org/blogs/justin-taylor/,HEAD,
eschatology,450,Piper on Eschatology — Desiring God,https://www.desiringgod.org/articles/piper-on-eschatology,broken,403,https://www.desiringgod.org/articles/piper-on-eschatology,GET,
eschatology,460,An Introduction to Amillennialism — The Gospel Coalition,https://www.thegospelcoalition.org/blogs/justin-taylor/amillennialism/,live,200,https://www.thegospelcoalition.org/blogs/justin-taylor/amillennialism-101/,HEAD,
eschatology,461,Why I Am an Amillennialist — Sam Storms,https://www.samstorms.com/all-posts/post/1220,broken,404,https://www.samstorms.com/all-posts/post/1220,HEAD,
eschatology,471,Historic Premillennialism — The Gospel Coalition,https://www.thegospelcoalition.org/blogs/justin-taylor/historic-premillennialism/,live,200,https://www.thegospelcoalition.org/blogs/justin-taylor/,HEAD,
eschatology,472,What Is Postmillennialism? — Desiring God,https://www.desiringgod.org/articles/what-is-postmillennialism,broken,403,https://www.desiringgod.org/articles/what-is-postmillennialism,GET,
eschatology,498,What Do Evangelicals Believe About the End Times?,https://www.thegospelcoalition.org/blogs/justin-taylor/what-do-evangelicals-believe-about-the-end-times/,live,200,https://www.thegospelcoalition.org/blogs/justin-taylor/,HEAD,
eschatology,506,Piper on Eschatology,https://www.desiringgod.org/articles/piper-on-eschatology,broken,403,https://www.desiringgod.org/articles/piper-on-eschatology,GET,
eschatology,514,An Introduction to Amillennialism,https://www.thegospelcoalition.org/blogs/justin-taylor/amillennialism/,live,200,https://www.thegospelcoalition.org/blogs/justin-taylor/amillennialism-101/,HEAD,
eschatology,522,A Brief History of Dispensationalism,https://www.thegospelcoalition.org/blogs/justin-taylor/a-brief-history-of-dispensationalism/,live,200,https://www.thegospelcoalition.org/blogs/justin-taylor/,HEAD,
eschatology,530,Does God Care About the End Times?,https://www.desiringgod.org/articles/does-god-care-about-the-end-times,broken,403,https://www.desiringgod.org/articles/does-god-care-about-the-end-times,GET,
eschatology,538,Why I Am an Amillennialist,https://www.samstorms.com/all-posts/post/1220,broken,404,https://www.samstorms.com/all-posts/post/1220,HEAD,
eschatology,546,How Does Your Eschatology Shape Your Missiology?,https://www.thegospelcoalition.org/blogs/justin-taylor/how-does-your-eschatology-shape-your-missiology/,live,200,https://www.thegospelcoalition.org/blogs/justin-taylor/,HEAD,
eschatology,554,"The Rapture: Before, During, or After?",https://www.thegospelcoalition.org/blogs/justin-taylor/the-rapture-before-after-or-during/,live,200,https://www.thegospelcoalition.org/blogs/justin-taylor/,HEAD,
eschatology,562,Historic Premillennialism: A Third Way,https://www.thegospelcoalition.org/blogs/justin-taylor/historic-premillennialism/,live,200,https://www.thegospelcoalition.org/blogs/justin-taylor/,HEAD,
eschatology,570,What Is Postmillennialism?,https://www.desiringgod.org/articles/what-is-postmillennialism,broken,403,https://www.desiringgod.org/articles/what-is-postmillennialism,GET,
evangelicalism,454,"The Failure of Evangelical Elites (Trueman, First Things)",https://www.firstthings.com/article/2021/11/the-failure-of-evangelical-elites,live,200,https://firstthings.com/the-failure-of-evangelical-elites/,HEAD,
evangelicalism,454,What Is an Evangelical? (Ligonier),https://www.ligonier.org/posts/what-evangelical,live,200,https://www.ligonier.org/posts/what-evangelical,HEAD,
evangelicalism,462,Does Evangelicalism Have a History? (Crossway),https://www.crossway.org/articles/does-evangelicalism-have-a-history/,live,200,https://www.crossway.org/articles/does-evangelicalism-have-a-history/,HEAD,
evangelicalism,462,David Bebbington on Evangelical Preaching (TGC),https://www.thegospelcoalition.org/blogs/evangelical-history/david-bebbington-evangelical-preaching-north-america/,live,200,https://www.thegospelcoalition.org/blogs/evangelical-history/david-bebbington-evangelical-preaching-north-america/,HEAD,
evangelicalism,470,The Progressive Evangelical Package (Mere Orthodoxy),https://mereorthodoxy.com/progressive-evangelical-package,live,200,https://mereorthodoxy.com/progressive-evangelical-package,HEAD,
evangelicalism,470,What Is an Evangelical? The Post-Conservative View (TGC),https://www.thegospelcoalition.org/blogs/trevin-wax/what-is-an-evangelical-4-the-post-conservative-view/,live,200,https://www.thegospelcoalition.org/blogs/trevin-wax/what-is-an-evangelical-4-the-post-conservative-view/,HEAD,
evangelicalism,495,Who Are Evangelicals?,https://www.christianitytoday.com/2025/02/who-are-evangelicals-pew-study/,live,200,https://www.christianitytoday.com/2025/02/who-are-evangelicals-pew-study/,HEAD,
evangelicalism,503,Defining Evangelical,https://www.firstthings.com/defining-evangelical/,live,200,https://firstthings.com/defining-evangelical/,HEAD,
evangelicalism,511,David Bebbington on Evangelical Preaching in North America,https://www.thegospelcoalition.org/blogs/evangelical-history/david-bebbington-evangelical-preaching-north-america/,live,200,https://www.thegospelcoalition.org/blogs/evangelical-history/david-bebbington-evangelical-preaching-north-america/,HEAD,
evangelicalism,519,The Failure of Evangelical Elites,https://www.firstthings.com/article/2021/11/the-failure-of-evangelical-elites,live,200,https://firstthings.com/the-failure-of-evangelical-elites/,HEAD,
evangelicalism,527,Can Evangelicalism Be Defined?,https://www.crossway.org/articles/can-evangelicalism-be-defined/,live,200,https://www.crossway.org/articles/can-evangelicalism-be-defined/,HEAD,
evangelicalism,535,The Results from Our 2025 State of Theology Survey Are In,https://www.ligonier.org/posts/the-results-from-our-2025-state-of-theology-survey-are-in,live,200,https://www.ligonier.org/posts/the-results-from-our-2025-state-of-theology-survey-are-in,HEAD,
evangelicalism,543,The Loosening of American Evangelicalism,https://www.christianitytoday.com/2024/05/loosening-of-american-evangelicalism-norms-taboos-liturgy/,live,200,https://www.christianitytoday.com/2024/05/loosening-of-american-evangelicalism-norms-taboos-liturgy/,HEAD,
evangelicalism,551,What Is an Evangelical? The Post-Conservative View,https://www.thegospelcoalition.org/blogs/trevin-wax/what-is-an-evangelical-4-the-post-conservative-view/,live,200,https://www.thegospelcoalition.org/blogs/trevin-wax/what-is-an-evangelical-4-the-post-conservative-view/,HEAD,
evangelicalism,559,Does Evangelicalism Have a History?,https://www.crossway.org/articles/does-evangelicalism-have-a-history/,live,200,https://www.crossway.org/articles/does-evangelicalism-have-a-history/,HEAD,
evangelicalism,567,What Is an Evangelical?,https://www.ligonier.org/posts/what-evangelical,live,200,https://www.ligonier.org/posts/what-evangelical,HEAD,
faith-deconstruction,451,The Deconstruction of the Evangelical Mind,https://www.crossway.org/articles/deconstruction-evangelical-mind/,broken,404,https://www.crossway.org/articles/deconstruction-evangelical-mind/,HEAD,
faith-deconstruction,452,Social Media and the Erosion of Evangelical Doctrine,https://www.desiringgod.org/articles/social-media-faith/,broken,403,https://www.desiringgod.org/articles/social-media-faith/,GET,
faith-deconstruction,462,One Year After My Deconstruction Started,https://www.christianitytoday.com/ct/2023/may/deconstruction-faith/,broken,404,https://www.christianitytoday.com/ct/2023/may/deconstruction-faith/,HEAD,
faith-deconstruction,463,The Deconstruction Project,https://www.patheos.com/blogs/formerlyfundie/,live,200,https://www.patheos.com/blogs/formerlyfundie/,HEAD,
faith-deconstruction,473,A More Christlike God,https://www.amazon.com/More-Christlike-God-Bradley-Jersak/dp/1621821749,live,200,https://www.amazon.com/More-Christlike-God-Bradley-Jersak/dp/1621821749,HEAD,
faith-deconstruction,474,Faithful Questioning in the Church,https://www.patheos.com/blogs/christiancurrents/,broken,404,https://www.patheos.com/blogs/christiancurrents/,HEAD,
fasting,455,Fasting = Homesickness for God (Crossway),https://www.crossway.org/articles/fasting-homesickness-for-god/,live,200,https://www.crossway.org/articles/fasting-homesickness-for-god/,HEAD,
fasting,456,A Hunger for God (Desiring God),https://www.desiringgod.org/books/a-hunger-for-god,broken,403,https://www.desiringgod.org/books/a-hunger-for-god,GET,
fasting,466,What's the Point of Fasting? (TGC),https://www.thegospelcoalition.org/article/what-point-fasting/,live,200,https://www.thegospelcoalition.org/article/what-point-fasting/,HEAD,
fasting,467,Fasting Isn't for the Spiritually Elite (TGC),https://www.thegospelcoalition.org/article/fasting-not-spiritually-elite-hurting/,live,200,https://www.thegospelcoalition.org/article/fasting-not-spiritually-elite-hurting/,HEAD,
fasting,477,Except by Prayer and Fasting (Mere Orthodoxy),https://mereorthodoxy.com/except-by-prayer-and-fasting,live,200,https://mereorthodoxy.com/except-by-prayer-and-fasting,HEAD,
fasting,478,Fasting for Feasting (Mere Orthodoxy),https://mereorthodoxy.com/fasting-for-feasting,live,200,https://mereorthodoxy.com/fasting-for-feasting,HEAD,
fasting,504,Fasting = Homesickness for God,https://www.crossway.org/articles/fasting-homesickness-for-god/,live,200,https://www.crossway.org/articles/fasting-homesickness-for-god/,HEAD,
fasting,512,What's the Point of Fasting?,https://www.thegospelcoalition.org/article/what-point-fasting/,live,200,https://www.thegospelcoalition.org/article/what-point-fasting/,HEAD,
fasting,520,How (and How Not) to Fast,https://www.crossway.org/articles/how-and-how-not-to-fast/,live,200,https://www.crossway.org/articles/how-and-how-not-to-fast/,HEAD,
fasting,528,Fasting Isn't for the Spiritually Elite. It's for the Hurting.,https://www.thegospelcoalition.org/article/fasting-not-spiritually-elite-hurting/,live,200,https://www.thegospelcoalition.org/article/fasting-not-spiritually-elite-hurting/,HEAD,
fasting,536,The Benefits of Fasting,https://learn.ligonier.org/devotionals/benefits-of-fasting,live,200,https://learn.ligonier.org/devotionals/benefits-of-fasting,HEAD,
fasting,544,Fasting for Listening,https://mereorthodoxy.com/fasting-for-listening,broken,404,https://mereorthodoxy.com/fasting-for-listening,HEAD,
fasting,552,New Covenant Fasting,https://learn.ligonier.org/devotionals/new-covenant-fasting,live,200,https://learn.ligonier.org/devotionals/new-covenant-fasting,HEAD,
fasting,560,Fasting from Food in a Land of Plenty,https://www.christianitytoday.com/2024/03/lent-food-fasting-spiritual-physical-benefits-body-theology/,live,200,https://www.christianitytoday.com/2024/03/lent-food-fasting-spiritual-physical-benefits-body-theology/,HEAD,
fasting,568,Fasting for Feasting,https://mereorthodoxy.com/fasting-for-feasting,live,200,https://mereorthodoxy.com/fasting-for-feasting,HEAD,
fasting,576,"Fasting Is A Good Thing. But For Some of Us, It's Complicated.",https://www.christianitytoday.com/2024/09/fasting-complicated-eating-disorders-spiritual-practice/,live,200,https://www.christianitytoday.com/2024/09/fasting-complicated-eating-disorders-spiritual-practice/,HEAD,
forgiveness,436,When Forgiveness Is Not Enough (Crossway),https://www.crossway.org/articles/when-forgiveness-is-not-enough/,broken,404,https://www.crossway.org/articles/when-forgiveness-is-not-enough/,HEAD,
forgiveness,437,Christian Counseling &amp; Educational Foundation,https://www.ccef.org/,live,200,https://www.ccef.org/,HEAD,
forgiveness,447,Desiring God on Forgiveness,https://www.desiringgod.org/topics/forgiveness,broken,403,https://www.desiringgod.org/topics/forgiveness,GET,
forgiveness,448,Forgiveness and Reconciliation (TGC),https://www.thegospelcoalition.org/blogs/justin-taylor/forgiveness-and-reconciliation/,live,200,https://www.thegospelcoalition.org/blogs/justin-taylor/,HEAD,
forgiveness,458,Peacemaker Ministries (Ken Sande),https://www.peacemaker.net/,unreachable,,,,timeout
forgiveness,459,Association of Certified Biblical Counselors,https://www.biblicalcounseling.org/,live,200,https://www.biblicalcounseling.org/,HEAD,
forgiveness,485,What Does the Bible Say About Forgiveness?,https://www.thegospelcoalition.org/article/what-does-the-bible-say-about-forgiveness/,broken,404,https://www.thegospelcoalition.org/article/what-does-the-bible-say-about-forgiveness/,HEAD,
forgiveness,493,Why You Should Forgive Your Enemy,https://www.desiringgod.org/articles/why-you-should-forgive-your-enemy,broken,403,https://www.desiringgod.org/articles/why-you-should-forgive-your-enemy,GET,
forgiveness,501,Forgiveness and Reconciliation: Are They the Same?,https://www.crossway.org/articles/forgiveness-and-reconciliation-are-they-the-same/,broken,404,https://www.crossway.org/articles/forgiveness-and-reconciliation-are-they-the-same/,HEAD,
forgiveness,509,How Should the Church Help Victims of Abuse?,https://www.9marks.org/article/how-should-the-church-help-victims-of-abuse/,broken,404,https://www.9marks.org/article/how-should-the-church-help-victims-of-abuse/,HEAD,
forgiveness,517,"Forgiveness, Repentance, and the Cross",https://www.thegospelcoalition.org/article/forgiveness-repentance-and-the-cross/,broken,404,https://www.thegospelcoalition.org/article/forgiveness-repentance-and-the-cross/,HEAD,
forgiveness,525,How to Forgive Yourself,https://www.desiringgod.org/articles/how-to-forgive-yourself,broken,403,https://www.desiringgod.org/articles/how-to-forgive-yourself,GET,
forgiveness,533,Bitterness and the Christian Life,https://www.crossway.org/articles/bitterness-and-the-christian-life/,broken,404,https://www.crossway.org/articles/bitterness-and-the-christian-life/,HEAD,
forgiveness,541,Church Discipline and Forgiveness,https://www.9marks.org/article/church-discipline-and-forgiveness/,broken,404,https://www.9marks.org/article/church-discipline-and-forgiveness/,HEAD,
forgiveness,549,Matthew 18 and Church Discipline,https://www.thegospelcoalition.org/article/matthew-18-and-church-discipline/,broken,404,https://www.thegospelcoalition.org/article/matthew-18-and-church-discipline/,HEAD,
forgiveness,557,Christian Forgiveness Is Not Cheap,https://www.desiringgod.org/articles/christian-forgiveness-is-not-cheap,broken,403,https://www.desiringgod.org/articles/christian-forgiveness-is-not-cheap,GET,
gender-and-biblical-anthropology,456,Gender and Sexuality (Walker),https://www.thegospelcoalition.org/essay/gender-and-sexuality/,live,200,https://www.thegospelcoalition.org/essay/gender-and-sexuality/,HEAD,
gender-and-biblical-anthropology,457,5 Myths About Gender Identity,https://www.crossway.org/articles/5-myths-about-gender-identity/,live,200,https://www.crossway.org/articles/5-myths-about-gender-identity/,HEAD,
gender-and-biblical-anthropology,467,Embodied: Transgender Identities &amp; the Church,https://www.prestonsprinkle.com/books/embodied,live,200,https://www.prestonsprinkle.com/books/embodied,HEAD,
gender-and-biblical-anthropology,468,Understanding Gender Dysphoria (Yarhouse),https://www.ivpress.com/understanding-gender-dysphoria,broken,403,https://www.ivpress.com/understanding-gender-dysphoria,GET,
gender-and-biblical-anthropology,478,Our Gender on Earth as In Heaven,https://www.christianitytoday.com/2024/03/trans-sex-gender-bible-jesus-heaven-newcreation-resurrected/,live,200,https://www.christianitytoday.com/2024/03/trans-sex-gender-bible-jesus-heaven-newcreation-resurrected/,HEAD,
gender-and-biblical-anthropology,479,The Evangelical Gender Crack-Up,https://mereorthodoxy.com/evangelical-gender-crack-up,live,200,https://mereorthodoxy.com/evangelical-gender-crack-up,HEAD,
gender-and-biblical-anthropology,489,Gender and Sexuality,https://www.thegospelcoalition.org/essay/gender-and-sexuality/,live,200,https://www.thegospelcoalition.org/essay/gender-and-sexuality/,HEAD,
gender-and-biblical-anthropology,497,5 Myths About Gender Identity,https://www.crossway.org/articles/5-myths-about-gender-identity/,live,200,https://www.crossway.org/articles/5-myths-about-gender-identity/,HEAD,
gender-and-biblical-anthropology,505,10 Things You Should Know About the Bible's Teaching on Men and Women,https://www.crossway.org/articles/10-things-you-should-know-about-the-bibles-teaching-on-men-and-women/,live,200,https://www.crossway.org/articles/10-things-you-should-know-about-the-bibles-teaching-on-men-and-women/,HEAD,
gender-and-biblical-anthropology,513,"He Made Them Male and Female: Sex, Gender, and the Image of God",https://www.desiringgod.org/articles/he-made-them-male-and-female,broken,403,https://www.desiringgod.org/articles/he-made-them-male-and-female,GET,
gender-and-biblical-anthropology,521,"All of Us Sinners, None of Us Freaks: Christian Convictions for the Transgender Age",https://www.desiringgod.org/articles/all-of-us-sinners-none-of-us-freaks,broken,403,https://www.desiringgod.org/articles/all-of-us-sinners-none-of-us-freaks,GET,
gender-and-biblical-anthropology,529,What Causes Gender Dysphoria?,https://www.desiringgod.org/interviews/what-causes-gender-dysphoria,broken,403,https://www.desiringgod.org/interviews/what-causes-gender-dysphoria,GET,
gender-and-biblical-anthropology,537,"Embodied: Transgender Identities, the Church, and What the Bible Has to Say",https://www.prestonsprinkle.com/books/embodied,live,200,https://www.prestonsprinkle.com/books/embodied,HEAD,
gender-and-biblical-anthropology,545,Our Gender on Earth as In Heaven,https://www.christianitytoday.com/2024/03/trans-sex-gender-bible-jesus-heaven-newcreation-resurrected/,live,200,https://www.christianitytoday.com/2024/03/trans-sex-gender-bible-jesus-heaven-newcreation-resurrected/,HEAD,
gender-and-biblical-anthropology,553,The Evangelical Gender Crack-Up,https://mereorthodoxy.com/evangelical-gender-crack-up,live,200,https://mereorthodoxy.com/evangelical-gender-crack-up,HEAD,
gender-and-biblical-anthropology,561,In Defense of the Gender Binary,https://mereorthodoxy.com/in-defense-of-the-gender-binary,live,200,https://mereorthodoxy.com/in-defense-of-the-gender-binary,HEAD,
grief-and-lament,438,Why Christians Should Lament (Crossway),https://www.crossway.org/articles/why-christians-should-lament/,broken,404,https://www.crossway.org/articles/why-christians-should-lament/,HEAD,
grief-and-lament,439,"Dark Clouds, Deep Mercy (Mark Vroegop)",https://www.amazon.com/Dark-Clouds-Deep-Mercy-Discovering/dp/0801075254,live,200,https://www.amazon.com/Dark-Clouds-Deep-Mercy-Discovering/dp/0801075254,HEAD,
grief-and-lament,449,When Grief Makes You Doubt (Desiring God),https://www.desiringgod.org/articles/when-grief-makes-you-doubt,broken,403,https://www.desiringgod.org/articles/when-grief-makes-you-doubt,GET,
grief-and-lament,450,Suffering and the Gospel (Crossway),https://www.crossway.org/articles/suffering-and-the-gospel/,broken,404,https://www.crossway.org/articles/suffering-and-the-gospel/,HEAD,
grief-and-lament,460,The Prophetic Lament (Soong-Chan Rah),https://www.amazon.com/Prophetic-Lament-Corporate-Confession-American/dp/083082181X,live,200,https://www.amazon.com/Prophetic-Lament-Corporate-Confession-American/dp/083082181X,HEAD,
grief-and-lament,461,Why Evangelicals Should Embrace Lament (TGC),https://www.thegospelcoalition.org/blogs/justin-taylor/why-evangelicals-should-embrace-lament/,live,200,https://www.thegospelcoalition.org/blogs/justin-taylor/,HEAD,
grief-and-lament,486,Why Christians Should Lament,https://www.crossway.org/articles/why-christians-should-lament/,broken,404,https://www.crossway.org/articles/why-christians-should-lament/,HEAD,
grief-and-lament,494,Why Evangelicals Should Embrace Lament,https://www.thegospelcoalition.org/blogs/justin-taylor/why-evangelicals-should-embrace-lament/,live,200,https://www.thegospelcoalition.org/blogs/justin-taylor/,HEAD,
grief-and-lament,502,Psalms of Lament,https://www.desiringgod.org/articles/psalms-of-lament/,broken,403,https://www.desiringgod.org/articles/psalms-of-lament/,GET,
grief-and-lament,510,Why Evangelicals Are Finally Embracing Lament,https://www.christianitytoday.com/ct/2020/october/why-evangelicals-are-finally-embracing-lament.html,broken,404,https://www.christianitytoday.com/ct/2020/october/why-evangelicals-are-finally-embracing-lament.html,HEAD,
grief-and-lament,518,How to Grieve Like the Psalms,https://www.thegospelcoalition.org/blogs/justin-taylor/how-to-grieve-like-the-psalms/,live,200,https://www.thegospelcoalition.org/blogs/justin-taylor/,HEAD,
grief-and-lament,526,"Dark Clouds, Deep Mercy: Discovering the Grace of Lament",https://www.amazon.com/Dark-Clouds-Deep-Mercy-Discovering/dp/0801075254,live,200,https://www.amazon.com/Dark-Clouds-Deep-Mercy-Discovering/dp/0801075254,HEAD,
grief-and-lament,534,Suffering and the Gospel,https://www.crossway.org/articles/suffering-and-the-gospel/,broken,404,https://www.crossway.org/articles/suffering-and-the-gospel/,HEAD,
grief-and-lament,542,The Prophetic Lament: A Call for Justice in Suffering,https://www.amazon.com/Prophetic-Lament-Corporate-Confession-American/dp/083082181X,live,200,https://www.amazon.com/Prophetic-Lament-Corporate-Confession-American/dp/083082181X,HEAD,
grief-and-lament,550,When Grief Makes You Doubt,https://www.desiringgod.org/articles/when-grief-makes-you-doubt,broken,403,https://www.desiringgod.org/articles/when-grief-makes-you-doubt,GET,
grief-and-lament,558,Grief and Grace: Jerry Sittser on Living After Loss,https://www.christianitytoday.com/ct/2019/november/jerry-sittser-grief-and-grace.html,broken,404,https://www.christianitytoday.com/ct/2019/november/jerry-sittser-grief-and-grace.html,HEAD,
heaven-hell-eternity,456,The Gospel Coalition: On Hell,https://www.thegospelcoalition.org/essay/hell/,live,200,https://www.thegospelcoalition.org/essay/hell-as-endless-punishment/,HEAD,
heaven-hell-eternity,457,Desiring God: Eternal Punishment,https://www.desiringgod.org/articles/the-goal-of-god-in-eternal-punishment,broken,403,https://www.desiringgod.org/articles/the-goal-of-god-in-eternal-punishment,GET,
heaven-hell-eternity,467,The Gospel Coalition: Annihilationism,https://www.thegospelcoalition.org/article/annihilationism-evangelical/,broken,404,https://www.thegospelcoalition.org/article/annihilationism-evangelical/,HEAD,
heaven-hell-eternity,468,Christianity Today: Case for Annihilationism,https://www.christianitytoday.com/ct/2012/september/case-for-annihilationism.html,broken,404,https://www.christianitytoday.com/ct/2012/september/case-for-annihilationism.html,HEAD,
heaven-hell-eternity,478,The Gospel Coalition: Universalism,https://www.thegospelcoalition.org/article/universalism-evangelical-response/,broken,404,https://www.thegospelcoalition.org/article/universalism-evangelical-response/,HEAD,
heaven-hell-eternity,479,Mere Orthodoxy: Case for Universalism,https://mereorthodoxy.com/the-case-for-christian-universalism/,broken,404,https://mereorthodoxy.com/the-case-for-christian-universalism/,HEAD,
heaven-hell-eternity,505,What Does the Bible Say About Hell?,https://www.thegospelcoalition.org/essay/what-does-the-bible-say-about-hell/,broken,404,https://www.thegospelcoalition.org/essay/what-does-the-bible-say-about-hell/,HEAD,
heaven-hell-eternity,513,Is Hell Real?,https://www.desiringgod.org/articles/is-hell-real,broken,403,https://www.desiringgod.org/articles/is-hell-real,GET,
heaven-hell-eternity,521,What Will Heaven Be Like?,https://www.desiringgod.org/interviews/what-will-heaven-be-like,broken,403,https://www.desiringgod.org/interviews/what-will-heaven-be-like,GET,
heaven-hell-eternity,529,Annihilationism: Will the Wicked Be Destroyed?,https://www.thegospelcoalition.org/article/annihilationism-will-the-wicked-be-destroyed/,broken,404,https://www.thegospelcoalition.org/article/annihilationism-will-the-wicked-be-destroyed/,HEAD,
heaven-hell-eternity,537,The New Heavens and the New Earth,https://www.ligonier.org/learn/articles/the-new-heavens-and-the-new-earth,broken,404,https://learn.ligonier.org/articles/the-new-heavens-and-the-new-earth,HEAD,
heaven-hell-eternity,545,What Happens When We Die?,https://www.crossway.org/articles/what-happens-when-we-die/,broken,404,https://www.crossway.org/articles/what-happens-when-we-die/,HEAD,
heaven-hell-eternity,553,Heaven Is Not Only Spiritual,https://www.christianitytoday.com/ct/2021/may-june/heaven-is-not-only-spiritual.html,broken,404,https://www.christianitytoday.com/ct/2021/may-june/heaven-is-not-only-spiritual.html,HEAD,
heaven-hell-eternity,561,What Does the Bible Teach About Eternal Conscious Torment?,https://www.9marks.org/article/what-does-the-bible-teach-about-eternal-conscious-torment/,unreachable,,,,timeout
heaven-hell-eternity,569,The Last Things,https://www.firstthings.com/articles/2019/01/the-last-things,broken,404,https://firstthings.com/articles/2019/01/the-last-things,HEAD,
heaven-hell-eternity,577,Eschatology and Ethics: Why the Last Things Matter for How We Live,https://www.ligonier.org/learn/articles/eschatology-and-ethics,broken,404,https://learn.ligonier.org/articles/eschatology-and-ethics,HEAD,
israel-and-prophecy,438,What Is Dispensationalism? (TGC),https://www.thegospelcoalition.org/blogs/justin-taylor/eschatology-series-what-is-dispensationalism/,live,200,https://www.thegospelcoalition.org/blogs/justin-taylor/,HEAD,
israel-and-prophecy,439,Israelology: The Missing Link in Christian Theology (Michael Vlach),https://www.amazon.com/Israelology-Missing-Link-Christian-Theology/dp/188033401X,live,200,https://www.amazon.com/Israelology-Missing-Link-Christian-Theology/dp/188033401X,HEAD,
israel-and-prophecy,449,"Israel, Palestinians, and the Promised Land (John Piper)",https://www.desiringgod.org/articles/israel-palestinians-and-the-promise-land,broken,403,https://www.desiringgod.org/articles/israel-palestinians-and-the-promise-land,GET,
israel-and-prophecy,450,Whose Promised Land? (Gary M. Burge),https://www.amazon.com/Whose-Promised-Land-God-Claim/dp/0801065232,live,200,https://www.amazon.com/Whose-Promised-Land-God-Claim/dp/0801065232,HEAD,
israel-and-prophecy,460,Israel and American Evangelicals (TGC News),https://www.thegospelcoalition.org/article/israel-evangelicals/,broken,404,https://www.thegospelcoalition.org/article/israel-evangelicals/,HEAD,
israel-and-prophecy,461,Israel at 70: Where Do Evangelicals Stand? (Christianity Today),https://www.christianitytoday.com/ct/2019/may-web-only/israel-70-years-evangelical.html,broken,404,https://www.christianitytoday.com/ct/2019/may-web-only/israel-70-years-evangelical.html,HEAD,
israel-and-prophecy,486,"Israel, Palestinians, and the Promised Land",https://www.desiringgod.org/articles/israel-palestinians-and-the-promise-land,broken,403,https://www.desiringgod.org/articles/israel-palestinians-and-the-promise-land,GET,
israel-and-prophecy,494,What Is Dispensationalism?,https://www.thegospelcoalition.org/blogs/justin-taylor/eschatology-series-what-is-dispensationalism/,live,200,https://www.thegospelcoalition.org/blogs/justin-taylor/,HEAD,
israel-and-prophecy,502,Israel at 70: Where Do Evangelicals Stand?,https://www.christianitytoday.com/ct/2019/may-web-only/israel-70-years-evangelical.html,broken,404,https://www.christianitytoday.com/ct/2019/may-web-only/israel-70-years-evangelical.html,HEAD,
israel-and-prophecy,510,Israel and American Evangelicals,https://www.thegospelcoalition.org/article/israel-evangelicals/,broken,404,https://www.thegospelcoalition.org/article/israel-evangelicals/,HEAD,
israel-and-prophecy,518,Whose Promised Land?,https://www.amazon.com/Whose-Promised-Land-God-Claim/dp/0801065232,live,200,https://www.amazon.com/Whose-Promised-Land-God-Claim/dp/0801065232,HEAD,
israel-and-prophecy,526,What Reformed Theology Teaches About Israel,https://www.thegospelcoalition.org/article/what-reformed-theology-teaches-about-israel/,broken,404,https://www.thegospelcoalition.org/article/what-reformed-theology-teaches-about-israel/,HEAD,
israel-and-prophecy,534,What About Israel and the Middle East?,https://www.crossway.org/articles/what-about-israel-and-the-middle-east/,broken,404,https://www.crossway.org/articles/what-about-israel-and-the-middle-east/,HEAD,
israel-and-prophecy,542,How Evangelicals Lost the Plot on Israel,https://www.christianitytoday.com/ct/2018/december/how-evangelicals-lost-the-plot-on-israel.html,broken,404,https://www.christianitytoday.com/ct/2018/december/how-evangelicals-lost-the-plot-on-israel.html,HEAD,
israel-and-prophecy,550,"Dispensationalism, Old Testament Covenants, and Israel",https://www.desiringgod.org/interviews/dispensationalism-old-testament-covenants-and-israel,broken,403,https://www.desiringgod.org/interviews/dispensationalism-old-testament-covenants-and-israel,GET,
israel-and-prophecy,558,How to Think Biblically About Israel and Palestine,https://www.thegospelcoalition.org/blogs/justin-taylor/how-to-think-biblically-about-israel-and-palestine/,live,200,https://www.thegospelcoalition.org/blogs/justin-taylor/,HEAD,
justification-by-faith,456,Justification — TGC Essay,https://www.thegospelcoalition.org/essay/justification/,live,200,https://www.thegospelcoalition.org/essay/justification-and-the-protestant-reformation/,HEAD,
justification-by-faith,457,The Doctrine of Justification — Desiring God,https://www.desiringgod.org/messages/the-doctrine-of-justification-by-faith,broken,403,https://www.desiringgod.org/messages/the-doctrine-of-justification-by-faith,GET,
justification-by-faith,467,Justification &amp; the New Perspective — TGC,https://www.thegospelcoalition.org/essay/justification-new-perspective-paul/,live,200,https://www.thegospelcoalition.org/essay/justification-new-perspective-paul/,HEAD,
justification-by-faith,468,What Is the NPP? — Crossway,https://www.crossway.org/articles/what-is-the-new-perspective-on-paul/,broken,404,https://www.crossway.org/articles/what-is-the-new-perspective-on-paul/,HEAD,
justification-by-faith,478,A Systematic Theology — Crossway,https://www.crossway.org/articles/a-systematic-theology-of-justification/,live,200,https://www.crossway.org/articles/a-systematic-theology-of-justification/,HEAD,
justification-by-faith,479,Justification — 9Marks,https://www.9marks.org/article/justification/,broken,404,https://www.9marks.org/article/justification/,HEAD,
justification-by-faith,505,The Doctrine of Justification,https://www.thegospelcoalition.org/essay/the-doctrine-of-justification/,live,200,https://www.thegospelcoalition.org/essay/the-doctrine-of-justification/,HEAD,
justification-by-faith,513,The Doctrine of Justification by Faith,https://www.desiringgod.org/messages/the-doctrine-of-justification-by-faith,broken,403,https://www.desiringgod.org/messages/the-doctrine-of-justification-by-faith,GET,
justification-by-faith,521,Justification and the New Perspective on Paul,https://www.thegospelcoalition.org/essay/justification-new-perspective-paul/,live,200,https://www.thegospelcoalition.org/essay/justification-new-perspective-paul/,HEAD,
justification-by-faith,529,10 Things You Should Know About Justification by Faith,https://www.crossway.org/articles/10-things-you-should-know-about-justification-by-faith/,live,200,https://www.crossway.org/articles/10-things-you-should-know-about-justification-by-faith/,HEAD,
justification-by-faith,537,What Are Justification and Sanctification?,https://www.ligonier.org/learn/articles/what-are-justification-and-sanctification,live,200,https://learn.ligonier.org/articles/what-are-justification-and-sanctification,HEAD,
justification-by-faith,545,Interview with N.T. Wright: Responding to Piper on Justification,https://www.thegospelcoalition.org/blogs/trevin-wax/interview-with-nt-wright-responding-to-piper-on-justification/,live,200,https://www.thegospelcoalition.org/blogs/trevin-wax/interview-with-nt-wright-responding-to-piper-on-justification/,HEAD,
justification-by-faith,553,Does God Really Save Us by Faith Alone?,https://www.desiringgod.org/articles/does-god-really-save-us-by-faith-alone,broken,403,https://www.desiringgod.org/articles/does-god-really-save-us-by-faith-alone,GET,
justification-by-faith,561,How Do Justification and Sanctification Differ?,https://learn.ligonier.org/articles/how-do-justification-and-sanctification-differ,broken,404,https://learn.ligonier.org/articles/how-do-justification-and-sanctification-differ,HEAD,
justification-by-faith,569,Views of Justification—Two Differing Gospels,https://www.crossway.org/articles/views-of-justificatione28094two-differing-gospels/,live,200,https://www.crossway.org/articles/views-of-justificatione28094two-differing-gospels/,HEAD,
justification-by-faith,577,Justification,https://www.9marks.org/article/justification/,broken,404,https://www.9marks.org/article/justification/,HEAD,
local-church,456,Twelve Reasons Why Membership Matters,https://www.9marks.org/article/journaltwelve-reasons-why-membership-matters/,live,200,https://www.9marks.org/article/journaltwelve-reasons-why-membership-matters/,HEAD,
local-church,457,Why the Local Church Is Essential,https://www.thegospelcoalition.org/article/why-the-local-church-is-more-important/,broken,404,https://www.thegospelcoalition.org/article/why-the-local-church-is-more-important/,HEAD,
local-church,467,Why Join a Church?,https://www.desiringgod.org/articles/why-join-a-church,broken,403,https://www.desiringgod.org/articles/why-join-a-church,GET,
local-church,468,Why Belonging to a Church Is Essential,https://www.erlc.com/resource/why-belonging-to-a-church-is-essential-for-a-christian/,broken,403,https://www.erlc.com/resource/why-belonging-to-a-church-is-essential-for-a-christian/,GET,
local-church,478,Ancient Missional Practices for Modern Renewal,https://mereorthodoxy.com/ancient-missional-practices-for-modern-renewal/,live,200,https://mereorthodoxy.com/ancient-missional-practices-for-modern-renewal,HEAD,
local-church,479,The Message of Mission: Lesslie Newbigin,https://mereorthodoxy.com/the-message-of-mission-leslie-newbigin-on-the-mission-of-the-church/,live,200,https://mereorthodoxy.com/the-message-of-mission-leslie-newbigin-on-the-mission-of-the-church,HEAD,
local-church,505,Book Review: The Great Dechurching,https://www.9marks.org/review/book-review-the-great-dechurching-by-jim-davis-michael-graham/,unreachable,,,,timeout
local-church,513,Twelve Reasons Why Membership Matters,https://www.9marks.org/article/journaltwelve-reasons-why-membership-matters/,live,200,https://www.9marks.org/article/journaltwelve-reasons-why-membership-matters/,HEAD,
local-church,521,10 Things You Should Know About Church Membership,https://www.crossway.org/articles/10-things-you-should-know-about-church-membership/,live,200,https://www.crossway.org/articles/10-things-you-should-know-about-church-membership/,HEAD,
local-church,529,Will Membership Make a Difference? The Vital Joys of Joining a Church,https://www.desiringgod.org/articles/will-membership-make-a-difference,broken,403,https://www.desiringgod.org/articles/will-membership-make-a-difference,GET,
local-church,537,Why Belonging to a Church Is Essential for a Christian,https://www.erlc.com/resource/why-belonging-to-a-church-is-essential-for-a-christian/,broken,403,https://www.erlc.com/resource/why-belonging-to-a-church-is-essential-for-a-christian/,GET,
local-church,545,3 Ways Church Membership Challenges Our Individualism,https://www.erlc.com/research/3-ways-church-membership-challenges-our-individualism/,broken,403,https://www.erlc.com/research/3-ways-church-membership-challenges-our-individualism/,GET,
local-church,553,"The Great Dechurching: Who's Leaving, Why Are They Going, and What Will It Take to Bring Them Back?",https://www.thegospelcoalition.org/themelios/review/the-great-dechurching-whos-leaving-why-are-they-going-and-what-will-it-take-to-bring-them-back/,live,200,https://www.thegospelcoalition.org/themelios/review/the-great-dechurching-whos-leaving-why-are-they-going-and-what-will-it-take-to-bring-them-back/,HEAD,
local-church,561,The Message of Mission: Lesslie Newbigin on the Mission of the Church,https://mereorthodoxy.com/the-message-of-mission-leslie-newbigin-on-the-mission-of-the-church/,live,200,https://mereorthodoxy.com/the-message-of-mission-leslie-newbigin-on-the-mission-of-the-church,HEAD,
local-church,569,Ancient Missional Practices for Modern Renewal,https://mereorthodoxy.com/ancient-missional-practices-for-modern-renewal/,live,200,https://mereorthodoxy.com/ancient-missional-practices-for-modern-renewal,HEAD,
local-church,577,Church Membership and Discipline: An Interview with Jonathan Leeman,https://www.crossway.org/articles/church-membership-and-discipline-an-interview-with-jonathan-leeman/,live,200,https://www.crossway.org/articles/church-membership-and-discipline-an-interview-with-jonathan-leeman/,HEAD,
lords-supper,452,Zwingli on the Supper (TGC),https://www.thegospelcoalition.org/article/zwingli-lords-supper/,broken,404,https://www.thegospelcoalition.org/article/zwingli-lords-supper/,HEAD,
lords-supper,452,The Baptist View of the Lord's Supper (9Marks),https://www.9marks.org/article/lords-supper-baptists/,broken,404,https://www.9marks.org/article/lords-supper-baptists/,HEAD,
lords-supper,459,Calvin's Doctrine of the Lord's Supper (Ligonier),https://www.ligonier.org/learn/articles/calvins-doctrine-lords-supper,live,200,https://learn.ligonier.org/articles/calvins-doctrine-lords-supper,HEAD,
lords-supper,459,Why Calvin's View Still Matters (TGC),https://www.thegospelcoalition.org/article/calvin-lords-supper/,broken,404,https://www.thegospelcoalition.org/article/calvin-lords-supper/,HEAD,
lords-supper,466,Luther's View of the Lord's Supper (1517),https://www.1517.org/articles/luthers-view-of-the-lords-supper,broken,404,https://www.1517.org/articles/luthers-view-of-the-lords-supper,HEAD,
lords-supper,466,The Lutheran View Explained (TGC),https://www.thegospelcoalition.org/article/lutheran-sacramental-union/,broken,404,https://www.thegospelcoalition.org/article/lutheran-sacramental-union/,HEAD,
lords-supper,491,The Lord's Supper,https://www.thegospelcoalition.org/essay/lords-supper/,broken,404,https://www.thegospelcoalition.org/essay/lords-supper/,HEAD,
lords-supper,499,4 Views on the Lord's Supper,https://www.thegospelcoalition.org/article/4-views-lords-supper/,broken,404,https://www.thegospelcoalition.org/article/4-views-lords-supper/,HEAD,
lords-supper,507,The Real Presence of Christ at the Lord's Supper,https://www.desiringgod.org/articles/the-real-presence-of-christ-at-the-lords-supper,broken,403,https://www.desiringgod.org/articles/the-real-presence-of-christ-at-the-lords-supper,GET,
lords-supper,515,Why Your Church Should Celebrate Communion More Often,https://www.9marks.org/article/why-your-church-should-celebrate-communion-more-often/,unreachable,,,,timeout
lords-supper,523,What Is the Lord's Supper?,https://www.crossway.org/articles/what-is-the-lords-supper/,broken,404,https://www.crossway.org/articles/what-is-the-lords-supper/,HEAD,
lords-supper,531,Why Is the Lord's Supper a Means of Grace?,https://learn.ligonier.org/articles/why-is-the-lords-supper-a-means-of-grace,live,200,https://learn.ligonier.org/articles/why-is-the-lords-supper-a-means-of-grace,HEAD,
lords-supper,539,Aspects of the Lord's Supper,https://tabletalkmagazine.com/article/2019/03/aspects-lords-supper/,live,200,https://tabletalkmagazine.com/article/2019/03/aspects-lords-supper/,HEAD,
lords-supper,547,Communing with Christ in the Supper,https://www.reformation21.org/blog/communing-with-christ-in-the-supper,live,200,https://reformation21.org/communing-with-christ-in-the-supper/,HEAD,
lords-supper,555,"The Body, the Blood, and the Ongoing Debate Around the Lord's Supper",https://www.christianitytoday.com/2025/05/communion-eucharist-evangelical-beliefs-knechtle/,live,200,https://www.christianitytoday.com/2025/05/communion-eucharist-evangelical-beliefs-knechtle/,HEAD,
lords-supper,563,10 Things You Should Know about the Lord's Supper,https://www.crossway.org/articles/10-things-you-should-know-about-the-lords-supper/,live,200,https://www.crossway.org/articles/10-things-you-should-know-about-the-lords-supper/,HEAD,
marriage-and-family,456,A Biblical View of Marriage (TGC),https://www.thegospelcoalition.org/essay/biblical-view-marriage/,live,200,https://www.thegospelcoalition.org/essay/biblical-view-marriage/,HEAD,
marriage-and-family,457,Husbands Who Love Like Christ (Desiring God),https://www.desiringgod.org/messages/husbands-who-love-like-christ-and-the-wives-who-submit-to-them,broken,403,https://www.desiringgod.org/messages/husbands-who-love-like-christ-and-the-wives-who-submit-to-them,GET,
marriage-and-family,467,Paul Really Taught Mutual Submission (Christianity Today),https://www.christianitytoday.com/2024/05/paul-taught-mutual-submission-ephesians-wayne-grudem/,live,200,https://www.christianitytoday.com/2024/05/paul-taught-mutual-submission-ephesians-wayne-grudem/,HEAD,
marriage-and-family,468,Marriage as Submission (Desiring God),https://www.desiringgod.org/articles/marriage-as-submission,broken,403,https://www.desiringgod.org/articles/marriage-as-submission,GET,
marriage-and-family,478,God’s Showcase of Covenant-Keeping Grace (Desiring God),https://www.desiringgod.org/messages/marriage-gods-showcase-of-covenant-keeping-grace,broken,403,https://www.desiringgod.org/messages/marriage-gods-showcase-of-covenant-keeping-grace,GET,
marriage-and-family,479,Tim &amp; Kathy Keller on Marriage (TGC),https://www.thegospelcoalition.org/article/tim-kathy-keller-marriage/,live,200,https://www.thegospelcoalition.org/article/tim-kathy-keller-marriage/,HEAD,
marriage-and-family,505,A Biblical View of Marriage,https://www.thegospelcoalition.org/essay/biblical-view-marriage/,live,200,https://www.thegospelcoalition.org/essay/biblical-view-marriage/,HEAD,
marriage-and-family,513,Marriage: God’s Showcase of Covenant-Keeping Grace,https://www.desiringgod.org/messages/marriage-gods-showcase-of-covenant-keeping-grace,broken,403,https://www.desiringgod.org/messages/marriage-gods-showcase-of-covenant-keeping-grace,GET,
marriage-and-family,521,"Tim and Kathy Keller on Dating, Marriage, Complementarianism, and Other Small Topics",https://www.thegospelcoalition.org/article/tim-kathy-keller-marriage/,live,200,https://www.thegospelcoalition.org/article/tim-kathy-keller-marriage/,HEAD,
marriage-and-family,529,Husbands Who Love Like Christ and the Wives Who Submit to Them,https://www.desiringgod.org/messages/husbands-who-love-like-christ-and-the-wives-who-submit-to-them,broken,403,https://www.desiringgod.org/messages/husbands-who-love-like-christ-and-the-wives-who-submit-to-them,GET,
marriage-and-family,537,"Yes, Paul Really Taught Mutual Submission",https://www.christianitytoday.com/2024/05/paul-taught-mutual-submission-ephesians-wayne-grudem/,live,200,https://www.christianitytoday.com/2024/05/paul-taught-mutual-submission-ephesians-wayne-grudem/,HEAD,
marriage-and-family,545,How Should Pastors Address Divorce and Remarriage?,https://erlc.com/resource-library/articles/transcript-how-should-pastors-address-divorce-and-remarriage/,broken,403,https://erlc.com/resource-library/articles/transcript-how-should-pastors-address-divorce-and-remarriage/,GET,
marriage-and-family,553,Value Singleness Without Devaluing Marriage,https://www.thegospelcoalition.org/article/value-singleness-devaluing-marriage/,live,200,https://www.thegospelcoalition.org/article/value-singleness-devaluing-marriage/,HEAD,
marriage-and-family,561,What Does the Bible Say About Marriage?,https://www.crossway.org/articles/what-does-the-bible-say-about-marriage/,live,200,https://www.crossway.org/articles/what-does-the-bible-say-about-marriage/,HEAD,
marriage-and-family,569,Marriage as Submission,https://www.desiringgod.org/articles/marriage-as-submission,broken,403,https://www.desiringgod.org/articles/marriage-as-submission,GET,
marriage-and-family,577,"When Love Wanes, the Marriage Covenant Remains",https://www.desiringgod.org/interviews/when-love-wanes-the-marriage-covenant-remains,broken,403,https://www.desiringgod.org/interviews/when-love-wanes-the-marriage-covenant-remains,GET,
membership,455,9Marks: What Is Church Membership?,https://www.9marks.org/article/what-is-church-membership/,unreachable,,,,timeout
membership,456,Gospel Coalition: Resources on Church Membership,https://www.thegospelcoalition.org/topics/church-membership/,live,200,https://www.thegospelcoalition.org/topics/church-membership/,HEAD,
membership,466,"Mere Orthodoxy: Christianity, Politics, and Culture",https://mereorthodoxy.com/,live,200,https://mereorthodoxy.com/,HEAD,
membership,467,Christianity Today: Church and Faith Articles,https://www.christianitytoday.com/,live,200,https://www.christianitytoday.com/,HEAD,
membership,477,Gospel Coalition: Theology and Church,https://www.thegospelcoalition.org/,live,200,https://www.thegospelcoalition.org/,HEAD,
membership,478,Crossway: Church and Ecclesiology Resources,https://www.crossway.org/,live,200,https://www.crossway.org/,HEAD,
membership,504,What Is Church Membership?,https://www.9marks.org/article/what-is-church-membership/,unreachable,,,,timeout
membership,512,Is Church Membership Biblical?,https://www.9marks.org/article/journalchurch-membership-biblical/,live,200,https://www.9marks.org/article/journalchurch-membership-biblical/,HEAD,
membership,520,The Meaning of Membership and Church Accountability,https://www.desiringgod.org/articles/the-meaning-of-membership-and-church-accountability,broken,403,https://www.desiringgod.org/articles/the-meaning-of-membership-and-church-accountability,GET,
membership,528,What Are the Responsibilities of Church Membership?,https://www.9marks.org/article/what-are-the-responsibilities-of-church-membership/,unreachable,,,,timeout
membership,536,Will Membership Make a Difference? The Vital Joys of Joining a Church,https://www.desiringgod.org/articles/will-membership-make-a-difference,broken,403,https://www.desiringgod.org/articles/will-membership-make-a-difference,GET,
membership,544,Is Church Membership Necessary?,https://learn.ligonier.org/qas/is-church-membership-necessary,live,200,https://learn.ligonier.org/qas/is-church-membership-necessary,HEAD,
membership,552,Two Prooftexts for Church Membership,https://www.9marks.org/article/two-prooftexts-for-church-membership/,unreachable,,,,timeout
membership,560,Church Membership Is an Office and a Job,https://www.9marks.org/article/church-membership-is-an-office-and-a-job/,live,200,https://www.9marks.org/article/church-membership-is-an-office-and-a-job/,HEAD,
membership,568,Church Membership: How the World Knows Who Represents Jesus,https://www.crossway.org/books/church-membership-case/,live,200,https://www.crossway.org/books/church-membership-case/,HEAD,
membership,576,Why Join a Church,https://www.desiringgod.org/articles/why-join-a-church,broken,403,https://www.desiringgod.org/articles/why-join-a-church,GET,
mental-health,456,Hope for the Depressed (Ed Welch),https://www.ccef.org/hope-depressed/,live,200,https://www.ccef.org/hope-depressed/,HEAD,
mental-health,457,Enduring in the Midst of Depression,https://www.ccef.org/enduring-in-the-midst-of-depression/,live,200,https://www.ccef.org/enduring-in-the-midst-of-depression/,HEAD,
mental-health,467,Counseling Those Who Are Depressed,https://www.ccef.org/jbc-article/counseling-those-who-are-depressed/,live,200,https://www.ccef.org/jbc-article/counseling-those-who-are-depressed/,HEAD,
mental-health,468,How to Care for Friends with Anxiety and Depression,https://www.thegospelcoalition.org/article/friends-anxiety-depression/,live,200,https://www.thegospelcoalition.org/article/friends-anxiety-depression/,HEAD,
mental-health,478,7 Ways to Implement a Mental Health Ministry Plan,https://erlc.com/resource/7-ways-to-implement-a-mental-health-ministry-plan-in-your-church/,broken,403,https://erlc.com/resource/7-ways-to-implement-a-mental-health-ministry-plan-in-your-church/,GET,
mental-health,479,5 Marks of a Mental Health-Informed Church,https://erlc.com/resource-library/articles/5-marks-of-a-mental-health-informed-church/,broken,403,https://erlc.com/resource-library/articles/5-marks-of-a-mental-health-informed-church/,GET,
mental-health,505,Hope for the Depressed,https://www.ccef.org/hope-depressed/,live,200,https://www.ccef.org/hope-depressed/,HEAD,
mental-health,513,Friends Are for the Darkness: How to Care for the Depressed,https://www.desiringgod.org/articles/friends-are-for-the-darkness,broken,403,https://www.desiringgod.org/articles/friends-are-for-the-darkness,GET,
mental-health,521,Scrambling for the Light: Christian Depression and the Use of Medication,https://www.desiringgod.org/articles/scrambling-for-the-light,broken,403,https://www.desiringgod.org/articles/scrambling-for-the-light,GET,
mental-health,529,The Anxious Church,https://www.christianitytoday.com/2024/05/anxious-church-mental-health-awareness-month-pastors/,live,200,https://www.christianitytoday.com/2024/05/anxious-church-mental-health-awareness-month-pastors/,HEAD,
mental-health,537,Counseling Those Who Are Depressed,https://www.ccef.org/jbc-article/counseling-those-who-are-depressed/,live,200,https://www.ccef.org/jbc-article/counseling-those-who-are-depressed/,HEAD,
mental-health,545,How to Care for Friends with Anxiety and Depression,https://www.thegospelcoalition.org/article/friends-anxiety-depression/,live,200,https://www.thegospelcoalition.org/article/friends-anxiety-depression/,HEAD,
mental-health,553,7 Ways to Implement a Mental Health Ministry Plan in Your Church,https://erlc.com/resource/7-ways-to-implement-a-mental-health-ministry-plan-in-your-church/,broken,403,https://erlc.com/resource/7-ways-to-implement-a-mental-health-ministry-plan-in-your-church/,GET,
mental-health,561,5 Marks of a Mental Health-Informed Church,https://erlc.com/resource-library/articles/5-marks-of-a-mental-health-informed-church/,broken,403,https://erlc.com/resource-library/articles/5-marks-of-a-mental-health-informed-church/,GET,
mental-health,569,The Heart of Depression,https://ligonier.org/learn/articles/heart-depression,live,200,https://learn.ligonier.org/articles/heart-depression,HEAD,
mental-health,577,"Anxiety: Sin, Disorder, or Both?",https://www.desiringgod.org/articles/anxiety-sin-disorder-or-both,broken,403,https://www.desiringgod.org/articles/anxiety-sin-disorder-or-both,GET,
missions-and-evangelism,456,What Is the Mission of the Church? (Desiring God),https://www.desiringgod.org/articles/what-is-the-mission-of-the-church,broken,403,https://www.desiringgod.org/articles/what-is-the-mission-of-the-church,GET,
missions-and-evangelism,457,What Is Mission? (The Gospel Coalition),https://www.thegospelcoalition.org/article/what-is-mission/,broken,404,https://www.thegospelcoalition.org/article/what-is-mission/,HEAD,
missions-and-evangelism,467,Integral Mission &amp; Social Action (The Gospel Coalition),https://www.thegospelcoalition.org/article/integral-mission-evangelism-social-action/,broken,404,https://www.thegospelcoalition.org/article/integral-mission-evangelism-social-action/,HEAD,
missions-and-evangelism,468,Holistic Mission (Lausanne Movement),https://lausanne.org/content/lop/lop-21,live,200,https://lausanne.org/occasional-paper/lop-21,HEAD,
missions-and-evangelism,478,Missio Dei (Mere Orthodoxy),https://mereorthodoxy.com/missio-dei-evangelical/,broken,404,https://mereorthodoxy.com/missio-dei-evangelical/,HEAD,
missions-and-evangelism,479,The Mission of God (Christianity Today),https://www.christianitytoday.com/ct/2015/july-web-only/mission-of-god.html,broken,404,https://www.christianitytoday.com/ct/2015/july-web-only/mission-of-god.html,HEAD,
missions-and-evangelism,505,The Mission of the Church,https://www.thegospelcoalition.org/essay/the-mission-of-the-church/,live,200,https://www.thegospelcoalition.org/essay/the-mission-of-the-church/,HEAD,
missions-and-evangelism,513,Don't Let Holistic Mission Eclipse Evangelism,https://www.thegospelcoalition.org/blogs/trevin-wax/holistic-mission-evangelism/,live,200,https://www.thegospelcoalition.org/blogs/trevin-wax/holistic-mission-evangelism/,HEAD,
missions-and-evangelism,521,The Great Commission: Fulfilled by Churches and for Churches,https://www.9marks.org/article/the-great-commission-fulfilled-by-churches-and-for-churches/,live,200,https://www.9marks.org/article/the-great-commission-fulfilled-by-churches-and-for-churches/,HEAD,
missions-and-evangelism,529,Four Practices of a Great Commission Church,https://www.9marks.org/article/4-practices-of-a-great-commission-church/,live,200,https://www.9marks.org/article/4-practices-of-a-great-commission-church/,HEAD,
missions-and-evangelism,537,"It's Not Our Job to ""Finish"" the Missionary Task",https://www.9marks.org/article/its-not-our-job-to-finish-the-missionary-task/,live,200,https://www.9marks.org/article/its-not-our-job-to-finish-the-missionary-task/,HEAD,
missions-and-evangelism,545,Not All Church Planting in Missions Is Created Equal,https://www.thegospelcoalition.org/article/missions-church-planting-equal/,live,200,https://www.thegospelcoalition.org/article/missions-church-planting-equal/,HEAD,
missions-and-evangelism,553,Three Practices of a Great Commission Church,https://www.imb.org/2018/05/31/three-practices-great-commission-church/,live,200,https://www.imb.org/2018/05/31/three-practices-great-commission-church/,HEAD,
missions-and-evangelism,561,Holistic Mission,https://lausanne.org/occasional-paper/holistic-mission-lop-33,live,200,https://lausanne.org/occasional-paper/holistic-mission-lop-33,HEAD,
missions-and-evangelism,569,The Great Commission: Fulfilled by Churches and for Churches,https://www.acts29.com/great-commission/,live,200,https://www.acts29.com/great-commission/,HEAD,
missions-and-evangelism,577,Missions Church Planting Task,https://www.imb.org/missions-church-planting/,live,200,https://www.imb.org/the-missionary-task/,HEAD,
pastoral-ministry,455,Article on this topic,https://www.thegospelcoalition.org/article/topic/,broken,404,https://www.thegospelcoalition.org/article/topic/,HEAD,
pastoral-ministry,456,Further reading,https://www.crossway.org/articles/topic/,broken,404,https://www.crossway.org/articles/topic/,HEAD,
pastoral-ministry,466,Article on this topic,https://www.desiringgod.org/articles/topic/,broken,403,https://www.desiringgod.org/articles/topic/,GET,
pastoral-ministry,467,Further reading,https://www.9marks.org/article/topic/,broken,444,https://www.9marks.org/article/topic/,HEAD,
pastoral-ministry,477,Article on this topic,https://christianitytoday.com/article/topic/,broken,404,https://www.christianitytoday.com/article/topic/,HEAD,
pastoral-ministry,478,Further reading,https://firstthings.com/article/topic/,broken,404,https://firstthings.com/article/topic/,HEAD,
pastoral-ministry,504,Understanding The Pastor's Role,https://www.thegospelcoalition.org/article/topic-overview/,broken,404,https://www.thegospelcoalition.org/article/topic-overview/,HEAD,
pastoral-ministry,512,Scripture on The Pastor's Role: A Biblical Overview,https://www.crossway.org/articles/topic-biblical/,broken,404,https://www.crossway.org/articles/topic-biblical/,HEAD,
pastoral-ministry,520,The Pastor's Role and the Gospel,https://www.desiringgod.org/articles/topic-gospel/,broken,403,https://www.desiringgod.org/articles/topic-gospel/,GET,
pastoral-ministry,528,Historical Perspectives on The Pastor's Role,https://www.9marks.org/article/topic-history/,broken,404,https://www.9marks.org/article/topic-history/,HEAD,
pastoral-ministry,536,Position One on The Pastor's Role,https://www.ligonier.org/learn/articles/topic-position-one/,broken,404,https://learn.ligonier.org/articles/topic-position-one,HEAD,
pastoral-ministry,544,Alternative Perspectives on The Pastor's Role,https://www.christianitytoday.com/article/topic-alternative/,broken,404,https://www.christianitytoday.com/article/topic-alternative/,HEAD,
pastoral-ministry,552,The Pastor's Role in the Church Today,https://www.albertmohler.com/2024/topic-church-today/,unreachable,,,,timeout
pastoral-ministry,560,Practicing The Pastor's Role: From Theology to Life,https://firstthings.com/article/topic-practice/,broken,404,https://firstthings.com/article/topic-practice/,HEAD,
politics-and-the-church,463,An Introduction to the Reformed Doctrine of the Two Kingdoms,https://mereorthodoxy.com/introduction-reformed-doctrine-two-kingdoms,live,200,https://mereorthodoxy.com/introduction-reformed-doctrine-two-kingdoms,HEAD,
politics-and-the-church,464,Should the Church Work on Social and Political Problems?,https://www.desiringgod.org/articles/should-the-church-work-on-social-and-political-problems,broken,403,https://www.desiringgod.org/articles/should-the-church-work-on-social-and-political-problems,GET,
politics-and-the-church,474,Christian Nationalism vs. Christian Patriotism,https://www.thegospelcoalition.org/article/christian-nationalism-patriotism/,live,200,https://www.thegospelcoalition.org/article/christian-nationalism-patriotism/,HEAD,
politics-and-the-church,475,A Christian Guide to Political Engagement,https://erlc.com/research/a-christian-guide-to-political-engagement/,broken,403,https://erlc.com/research/a-christian-guide-to-political-engagement/,GET,
politics-and-the-church,485,The Case for Christian Nationalism,https://firstthings.com/the-case-for-christian-nationalism/,live,200,https://firstthings.com/the-case-for-christian-nationalism/,HEAD,
politics-and-the-church,486,"The Good, the Bad, and the Ugly of Christian Nationalism",https://www.thegospelcoalition.org/article/good-bad-ugly-christian-nationalism/,live,200,https://www.thegospelcoalition.org/article/good-bad-ugly-christian-nationalism/,HEAD,
politics-and-the-church,512,"The Good, the Bad, and the Ugly of Christian Nationalism",https://www.thegospelcoalition.org/article/good-bad-ugly-christian-nationalism/,live,200,https://www.thegospelcoalition.org/article/good-bad-ugly-christian-nationalism/,HEAD,
politics-and-the-church,520,Christian Nationalism vs. Christian Patriotism,https://www.thegospelcoalition.org/article/christian-nationalism-patriotism/,live,200,https://www.thegospelcoalition.org/article/christian-nationalism-patriotism/,HEAD,
politics-and-the-church,528,Christian Nationalism Cannot Save the World,https://www.christianitytoday.com/ct/2022/september-web-only/christian-nationalism-cannot-save-the-world-politics-elections.html,broken,404,https://www.christianitytoday.com/ct/2022/september-web-only/christian-nationalism-cannot-save-the-world-politics-elections.html,HEAD,
politics-and-the-church,536,What Is Christian Nationalism?,https://www.christianitytoday.com/ct/2021/february-web-only/what-is-christian-nationalism.html,live,200,https://www.christianitytoday.com/2021/02/what-is-christian-nationalism/,HEAD,
politics-and-the-church,544,A Christian Guide to Political Engagement,https://erlc.com/research/a-christian-guide-to-political-engagement/,broken,403,https://erlc.com/research/a-christian-guide-to-political-engagement/,GET,
politics-and-the-church,552,4 Rules for the Way Christians Engage in Politics,https://erlc.com/resource-library/articles/4-rules-for-the-way-christians-engage-in-politics/,broken,403,https://erlc.com/resource-library/articles/4-rules-for-the-way-christians-engage-in-politics/,GET,
politics-and-the-church,560,An Introduction to the Reformed Doctrine of the Two Kingdoms,https://mereorthodoxy.com/introduction-reformed-doctrine-two-kingdoms,live,200,https://mereorthodoxy.com/introduction-reformed-doctrine-two-kingdoms,HEAD,
politics-and-the-church,568,The Problems Two Kingdoms Don't Solve,https://mereorthodoxy.com/problems-two-kingdoms-dont-solve,live,200,https://mereorthodoxy.com/problems-two-kingdoms-dont-solve,HEAD,
politics-and-the-church,576,The Case for Christian Nationalism,https://firstthings.com/the-case-for-christian-nationalism/,live,200,https://firstthings.com/the-case-for-christian-nationalism/,HEAD,
politics-and-the-church,584,Why Politics Overwhelms the Church,https://www.9marks.org/article/why-politics-overwhelms-the-church/,unreachable,,,,timeout
pornography,455,Article on this topic,https://www.thegospelcoalition.org/article/topic/,broken,404,https://www.thegospelcoalition.org/article/topic/,HEAD,
pornography,456,Further reading,https://www.crossway.org/articles/topic/,broken,404,https://www.crossway.org/articles/topic/,HEAD,
pornography,466,Article on this topic,https://www.desiringgod.org/articles/topic/,broken,403,https://www.desiringgod.org/articles/topic/,GET,
pornography,467,Further reading,https://www.9marks.org/article/topic/,broken,444,https://www.9marks.org/article/topic/,HEAD,
pornography,477,Article on this topic,https://christianitytoday.com/article/topic/,broken,404,https://www.christianitytoday.com/article/topic/,HEAD,
pornography,478,Further reading,https://firstthings.com/article/topic/,broken,404,https://firstthings.com/article/topic/,HEAD,
pornography,504,Understanding Pornography &amp; Sexual Purity,https://www.thegospelcoalition.org/article/topic-overview/,broken,404,https://www.thegospelcoalition.org/article/topic-overview/,HEAD,
pornography,512,Scripture on Pornography &amp; Sexual Purity: A Biblical Overview,https://www.crossway.org/articles/topic-biblical/,broken,404,https://www.crossway.org/articles/topic-biblical/,HEAD,
pornography,520,Pornography &amp; Sexual Purity and the Gospel,https://www.desiringgod.org/articles/topic-gospel/,broken,403,https://www.desiringgod.org/articles/topic-gospel/,GET,
pornography,528,Historical Perspectives on Pornography &amp; Sexual Purity,https://www.9marks.org/article/topic-history/,broken,404,https://www.9marks.org/article/topic-history/,HEAD,
pornography,536,Position One on Pornography &amp; Sexual Purity,https://www.ligonier.org/learn/articles/topic-position-one/,broken,404,https://learn.ligonier.org/articles/topic-position-one,HEAD,
pornography,544,Alternative Perspectives on Pornography &amp; Sexual Purity,https://www.christianitytoday.com/article/topic-alternative/,broken,404,https://www.christianitytoday.com/article/topic-alternative/,HEAD,
pornography,552,Pornography &amp; Sexual Purity in the Church Today,https://www.albertmohler.com/2024/topic-church-today/,unreachable,,,,timeout
pornography,560,Practicing Pornography &amp; Sexual Purity: From Theology to Life,https://firstthings.com/article/topic-practice/,broken,404,https://firstthings.com/article/topic-practice/,HEAD,
prayer,456,A Summary Theology of Prayer (Piper),https://www.desiringgod.org/articles/a-summary-theology-of-prayer,broken,403,https://www.desiringgod.org/articles/a-summary-theology-of-prayer,GET,
prayer,457,The Sovereignty of God and Prayer,https://www.desiringgod.org/articles/the-sovereignty-of-god-and-prayer,broken,403,https://www.desiringgod.org/articles/the-sovereignty-of-god-and-prayer,GET,
prayer,467,"Since God is Sovereign, the Purpose of Intercessory Prayer",https://learn.ligonier.org/qas/since-god-is-sovereign-the-purpose-of-intercessory-prayer,live,200,https://learn.ligonier.org/qas/since-god-is-sovereign-the-purpose-of-intercessory-prayer,HEAD,
prayer,468,How Should We Pray When We Suffer?,https://www.christianitytoday.com/2021/08/how-should-we-pray-when-we-suffer-vaneetha-risner/,live,200,https://www.christianitytoday.com/2021/08/how-should-we-pray-when-we-suffer-vaneetha-risner/,HEAD,
prayer,478,Embracing Contemplation,https://www.thegospelcoalition.org/themelios/review/embracing-contemplation-reclaiming-a-christian-spiritual-practice/,live,200,https://www.thegospelcoalition.org/themelios/review/embracing-contemplation-reclaiming-a-christian-spiritual-practice/,HEAD,
prayer,479,Why We Need Silence,https://www.thegospelcoalition.org/article/need-silence/,live,200,https://www.thegospelcoalition.org/article/need-silence/,HEAD,
prayer,489,A Summary Theology of Prayer,https://www.desiringgod.org/articles/a-summary-theology-of-prayer,broken,403,https://www.desiringgod.org/articles/a-summary-theology-of-prayer,GET,
prayer,497,The Sovereignty of God and Prayer,https://www.desiringgod.org/articles/the-sovereignty-of-god-and-prayer,broken,403,https://www.desiringgod.org/articles/the-sovereignty-of-god-and-prayer,GET,
prayer,505,Pray Because God Is Sovereign,https://www.desiringgod.org/articles/pray-because-god-is-sovereign,broken,403,https://www.desiringgod.org/articles/pray-because-god-is-sovereign,GET,
prayer,513,The Irreplaceable Value of Prayer in Your Spiritual Formation,https://www.crossway.org/articles/the-irreplaceable-value-of-prayer-in-your-spiritual-formation/,live,200,https://www.crossway.org/articles/the-irreplaceable-value-of-prayer-in-your-spiritual-formation/,HEAD,
prayer,521,"Keller on Quiet Times, Mysticism, and the Priceless Payoff of Prayer",https://www.thegospelcoalition.org/article/tim-keller-on-prayer/,live,200,https://www.thegospelcoalition.org/article/tim-keller-on-prayer/,HEAD,
prayer,529,The Lord's Prayer Teaches Us How to Pray Every Other Prayer,https://www.crossway.org/articles/the-lords-prayer-teaches-us-how-to-pray-every-other-prayer/,live,200,https://www.crossway.org/articles/the-lords-prayer-teaches-us-how-to-pray-every-other-prayer/,HEAD,
prayer,537,A Biblical Theology of Corporate Prayer,https://www.9marks.org/article/biblical-theology-corporate-prayer/,live,200,https://www.9marks.org/article/biblical-theology-corporate-prayer/,HEAD,
prayer,545,Embracing Contemplation: Reclaiming a Christian Spiritual Practice,https://www.thegospelcoalition.org/themelios/review/embracing-contemplation-reclaiming-a-christian-spiritual-practice/,live,200,https://www.thegospelcoalition.org/themelios/review/embracing-contemplation-reclaiming-a-christian-spiritual-practice/,HEAD,
prayer,553,Why We Need Silence,https://www.thegospelcoalition.org/article/need-silence/,live,200,https://www.thegospelcoalition.org/article/need-silence/,HEAD,
prayer,561,"Since God is Sovereign, the Purpose of Intercessory Prayer",https://learn.ligonier.org/qas/since-god-is-sovereign-the-purpose-of-intercessory-prayer,live,200,https://learn.ligonier.org/qas/since-god-is-sovereign-the-purpose-of-intercessory-prayer,HEAD,
preaching,455,A Biblical Case for Expositional Preaching,https://www.9marks.org/article/biblical-case-expositional-preaching/,live,200,https://www.9marks.org/article/biblical-case-expositional-preaching/,HEAD,
preaching,456,6 Reasons Not to Abandon Expository Preaching,https://www.thegospelcoalition.org/article/6-reasons-not-to-abandon-expository-preaching/,live,200,https://www.thegospelcoalition.org/article/6-reasons-not-to-abandon-expository-preaching/,HEAD,
preaching,466,You Should Preach a Topical Sermon,https://www.thegospelcoalition.org/article/preach-topical-sermon/,live,200,https://www.thegospelcoalition.org/article/preach-topical-sermon/,HEAD,
preaching,467,Can Topical Preaching Be Expository?,https://www.christianitytoday.com/pastors/content/can-topical-preaching-be-expository/,live,200,https://www.christianitytoday.com/pastors/content/can-topical-preaching-be-expository/,HEAD,
preaching,477,Telling the Good Story: An Interview with Steve Mathewson,https://www.thegospelcoalition.org/article/telling-the-good-story-an-interview-with-steve-mathewson/,live,200,https://www.thegospelcoalition.org/article/telling-the-good-story-an-interview-with-steve-mathewson/,HEAD,
preaching,478,How to Preach Biblical Narrative,https://www.crossway.org/articles/how-to-preach-biblical-narrative/,live,200,https://www.crossway.org/articles/how-to-preach-biblical-narrative/,HEAD,
preaching,504,A Biblical Case for Expositional Preaching,https://www.9marks.org/article/biblical-case-expositional-preaching/,live,200,https://www.9marks.org/article/biblical-case-expositional-preaching/,HEAD,
preaching,512,6 Reasons Not to Abandon Expository Preaching,https://www.thegospelcoalition.org/article/6-reasons-not-to-abandon-expository-preaching/,live,200,https://www.thegospelcoalition.org/article/6-reasons-not-to-abandon-expository-preaching/,HEAD,
preaching,520,You Should Preach a Topical Sermon,https://www.thegospelcoalition.org/article/preach-topical-sermon/,live,200,https://www.thegospelcoalition.org/article/preach-topical-sermon/,HEAD,
preaching,528,Can Topical Preaching Be Expository?,https://www.christianitytoday.com/pastors/content/can-topical-preaching-be-expository/,live,200,https://www.christianitytoday.com/pastors/content/can-topical-preaching-be-expository/,HEAD,
preaching,536,Telling the Good Story: An Interview with Steve Mathewson,https://www.thegospelcoalition.org/article/telling-the-good-story-an-interview-with-steve-mathewson/,live,200,https://www.thegospelcoalition.org/article/telling-the-good-story-an-interview-with-steve-mathewson/,HEAD,
preaching,544,How to Preach Biblical Narrative,https://www.crossway.org/articles/how-to-preach-biblical-narrative/,live,200,https://www.crossway.org/articles/how-to-preach-biblical-narrative/,HEAD,
preaching,552,The Primacy of Expository Preaching,https://www.desiringgod.org/messages/the-primacy-of-expository-preaching-part-1,broken,403,https://www.desiringgod.org/messages/the-primacy-of-expository-preaching-part-1,GET,
preaching,560,What Is Hermeneutics?,https://www.ligonier.org/learn/articles/what-is-hermeneutics,live,200,https://learn.ligonier.org/articles/what-is-hermeneutics,HEAD,
preaching,568,15 Preaching Best Practices,https://www.preachingtoday.com/your-soul/calling-to-preach/15-preaching-best-practices.html,live,200,https://www.christianitytoday.com/pastors/content/15-preaching-best-practices/,HEAD,
preaching,576,Biblical Literacy in a Postliterate Age,https://www.christianitytoday.com/2024/04/biblical-literacy-in-postliterate-age-reading-video/,live,200,https://www.christianitytoday.com/2024/04/biblical-literacy-in-postliterate-age-reading-video/,HEAD,
predestination-free-will,451,The Joy of Predestination,https://www.desiringgod.org/articles/the-joy-of-predestination/,broken,403,https://www.desiringgod.org/articles/the-joy-of-predestination/,GET,
predestination-free-will,452,Calvinism &amp; Evangelical Theology,https://www.crossway.org/articles/calvinism-and-evangelical-theology/,broken,404,https://www.crossway.org/articles/calvinism-and-evangelical-theology/,HEAD,
predestination-free-will,462,Is Arminianism Biblical?,https://www.christianitytoday.com/ct/2008/december/32.64.html,broken,404,https://www.christianitytoday.com/ct/2008/december/32.64.html,HEAD,
predestination-free-will,463,Arminianism in Evangelical Thought,https://mereorthodoxy.com/arminianism-evangelical/,broken,404,https://mereorthodoxy.com/arminianism-evangelical/,HEAD,
predestination-free-will,473,Molinism and Middle Knowledge,https://www.reasonablefaith.org/articles/middle-knowledge/,broken,404,https://www.reasonablefaith.org/articles/middle-knowledge,HEAD,
predestination-free-will,474,Molina's Thesis Explained,https://ligonier.org/learn/articles/molinas-thesis/,broken,404,https://learn.ligonier.org/articles/molinas-thesis,HEAD,
predestination-free-will,500,What We Mean by Predestination,https://www.desiringgod.org/articles/what-we-mean-by-predestination/,broken,403,https://www.desiringgod.org/articles/what-we-mean-by-predestination/,GET,
predestination-free-will,508,The Five Points of Calvinism Explained,https://www.crossway.org/articles/five-points-of-calvinism-explained/,broken,404,https://www.crossway.org/articles/five-points-of-calvinism-explained/,HEAD,
predestination-free-will,516,Why Arminianism Still Matters for Evangelicals,https://mereorthodoxy.com/arminianism-evangelical/,broken,404,https://mereorthodoxy.com/arminianism-evangelical/,HEAD,
predestination-free-will,524,Understanding Middle Knowledge and Molinism,https://ligonier.org/learn/articles/molinas-thesis/,broken,404,https://learn.ligonier.org/articles/molinas-thesis,HEAD,
predestination-free-will,532,God's Sovereignty and Man's Responsibility,https://www.9marks.org/article/the-gods-sovereignty-and-mans-responsibility/,broken,404,https://www.9marks.org/article/the-gods-sovereignty-and-mans-responsibility/,HEAD,
predestination-free-will,540,"Election, Free Will, and the Burden of Pastoral Ministry",https://www.christianitytoday.com/ct/2010/august/18.32.html,broken,403,https://www.christianitytoday.com/ct/2010/august/18.32.html,GET,
predestination-free-will,548,Chosen Before the Foundation of the World,https://www.desiringgod.org/articles/chosen-before-the-foundation-of-the-world/,broken,403,https://www.desiringgod.org/articles/chosen-before-the-foundation-of-the-world/,GET,
predestination-free-will,556,The Classical Arminian Doctrine of Election,https://www.christianitytoday.com/ct/2005/march/28.90.html,broken,404,https://www.christianitytoday.com/ct/2005/march/28.90.html,GET,
predestination-free-will,564,Divine Omniscience and Human Free Will,https://www.reasonablefaith.org/articles/in-defense-of-the-kalam/,broken,404,https://www.reasonablefaith.org/articles/in-defense-of-the-kalam,HEAD,
predestination-free-will,572,Reformed and Non-Reformed Soteriologies: A Comparative Study,https://ligonier.org/learn/articles/reformed-and-non-reformed-soteriologies/,broken,404,https://learn.ligonier.org/articles/reformed-and-non-reformed-soteriologies,HEAD,
progressive-christianity,436,Alisa Childers at The Gospel Coalition,https://www.thegospelcoalition.org/blogs/alisa-childers/,live,200,https://www.thegospelcoalition.org/profile/alisa-childers/,HEAD,
progressive-christianity,437,Michael Brown - Christian Post,https://www.christianpost.com/authors/michael-brown/,broken,403,https://www.christianpost.com/authors/michael-brown/,GET,
progressive-christianity,447,TGC: Questions Evangelicals Should Ask,https://www.thegospelcoalition.org/article/ten-questions-evangelicals-should-ask-themselves/,broken,404,https://www.thegospelcoalition.org/article/ten-questions-evangelicals-should-ask-themselves/,HEAD,
progressive-christianity,448,Talking Across the Divide (Crossway),https://www.crossway.org/articles/talking-across-the-divide-with-tim-keller/,broken,404,https://www.crossway.org/articles/talking-across-the-divide-with-tim-keller/,HEAD,
progressive-christianity,458,Carl Trueman at The Gospel Coalition,https://www.thegospelcoalition.org/blogs/carl-trueman/,live,200,https://www.thegospelcoalition.org/profile/carl-trueman/,HEAD,
progressive-christianity,459,Matthew Barrett - Crossway,https://www.crossway.org/authors/matthew-barrett/,live,200,https://www.crossway.org/authors/matthew-barrett/,HEAD,
progressive-christianity,485,What Is Progressive Christianity?,https://www.thegospelcoalition.org/article/what-is-progressive-christianity/,broken,404,https://www.thegospelcoalition.org/article/what-is-progressive-christianity/,HEAD,
progressive-christianity,493,Alisa Childers on Progressive Christianity and Deconstruction,https://www.crossway.org/articles/alisa-childers-on-progressive-christianity/,broken,404,https://www.crossway.org/articles/alisa-childers-on-progressive-christianity/,HEAD,
progressive-christianity,501,Rob Bell and the Trajectory of Progressive Evangelicalism,https://www.christianitytoday.com/ct/2020/september/rob-bell-leaves-evangelicalism.html,broken,404,https://www.christianitytoday.com/ct/2020/september/rob-bell-leaves-evangelicalism.html,HEAD,
progressive-christianity,509,Rachel Held Evans: Progressive Faith and Its Limits,https://www.thegospelcoalition.org/article/rachel-held-evans-and-progressive-christianity/,broken,404,https://www.thegospelcoalition.org/article/rachel-held-evans-and-progressive-christianity/,HEAD,
progressive-christianity,517,Biblical Authority and Progressive Theology,https://www.crossway.org/articles/biblical-authority-and-progressive-theology/,broken,404,https://www.crossway.org/articles/biblical-authority-and-progressive-theology/,HEAD,
progressive-christianity,525,Understanding Deconstruction: From Evangelicalism to Progressive Faith,https://www.thegospelcoalition.org/article/faith-deconstruction-and-progressive-christianity/,broken,404,https://www.thegospelcoalition.org/article/faith-deconstruction-and-progressive-christianity/,HEAD,
progressive-christianity,533,The Evangelical Crisis in Catechesis and Identity,https://www.christianitytoday.com/ct/2023/january/evangelical-crisis-identity-formation.html,broken,404,https://www.christianitytoday.com/ct/2023/january/evangelical-crisis-identity-formation.html,HEAD,
progressive-christianity,541,Carl Trueman on Progressivism and Historical Orthodoxy,https://www.crossway.org/articles/carl-trueman-on-progressivism-and-historical-orthodoxy/,broken,404,https://www.crossway.org/articles/carl-trueman-on-progressivism-and-historical-orthodoxy/,HEAD,
progressive-christianity,549,Engaging Progressive Christians: Grace and Truth,https://www.thegospelcoalition.org/article/engaging-progressive-christians-with-grace-and-truth/,broken,404,https://www.thegospelcoalition.org/article/engaging-progressive-christians-with-grace-and-truth/,HEAD,
progressive-christianity,557,Beyond Progressive and Conservative: Recovering Evangelical Faithfulness,https://www.christianitytoday.com/ct/2022/october/evangelical-reformation-beyond-progressive-and-conservative.html,broken,404,https://www.christianitytoday.com/ct/2022/october/evangelical-reformation-beyond-progressive-and-conservative.html,HEAD,
prosperity-gospel,449,Why I Abominate the Prosperity Gospel — Desiring God,https://www.desiringgod.org/articles/why-i-abominate-the-prosperity-gospel,broken,403,https://www.desiringgod.org/articles/why-i-abominate-the-prosperity-gospel,GET,
prosperity-gospel,450,John MacArthur on the Prosperity Gospel — The Gospel Coalition,https://www.thegospelcoalition.org/blogs/justin-taylor/john-macarthur-on-the-prosperity-gospel/,live,200,https://www.thegospelcoalition.org/blogs/justin-taylor/,HEAD,
prosperity-gospel,460,A Charismatic Critique of Prosperity Theology — The Gospel Coalition,https://www.thegospelcoalition.org/blogs/justin-taylor/a-charismatic-critique-of-prosperity-theology/,live,200,https://www.thegospelcoalition.org/blogs/justin-taylor/,HEAD,
prosperity-gospel,461,What's Wrong with Prosperity Theology? — Sam Storms,https://www.samstorms.com/all-posts/post/890,broken,404,https://www.samstorms.com/all-posts/post/890,HEAD,
prosperity-gospel,471,The Prosperity Gospel Debate — Christianity Today,https://www.christianitytoday.com/ct/2009/may/10.27.html,broken,404,https://www.christianitytoday.com/ct/2009/may/10.27.html,HEAD,
prosperity-gospel,472,Understanding Prosperity Theology Globally — The Gospel Coalition,https://www.thegospelcoalition.org/blogs/justin-taylor/understanding-prosperity-theology-globally/,live,200,https://www.thegospelcoalition.org/blogs/justin-taylor/,HEAD,
prosperity-gospel,498,Why I Abominate the Prosperity Gospel,https://www.desiringgod.org/articles/why-i-abominate-the-prosperity-gospel,broken,403,https://www.desiringgod.org/articles/why-i-abominate-the-prosperity-gospel,GET,
prosperity-gospel,506,John MacArthur on the Prosperity Gospel,https://www.thegospelcoalition.org/blogs/justin-taylor/john-macarthur-on-the-prosperity-gospel/,live,200,https://www.thegospelcoalition.org/blogs/justin-taylor/,HEAD,
prosperity-gospel,514,The Prosperity Gospel Is a False Gospel — 9Marks,https://www.9marks.org/article/prosperity-gospel/,broken,404,https://www.9marks.org/article/prosperity-gospel/,HEAD,
prosperity-gospel,522,The Prosperity Gospel and the Poor,https://www.thegospelcoalition.org/blogs/justin-taylor/the-prosperity-gospel-and-the-poor/,live,200,https://www.thegospelcoalition.org/blogs/justin-taylor/,HEAD,
prosperity-gospel,530,The Prosperity Gospel Debate,https://www.christianitytoday.com/ct/2009/may/10.27.html,broken,404,https://www.christianitytoday.com/ct/2009/may/10.27.html,HEAD,
prosperity-gospel,538,The Word of Faith Movement and the Prosperity Gospel,https://www.thegospelcoalition.org/blogs/justin-taylor/the-word-of-faith-movement-and-the-prosperity-gospel/,live,200,https://www.thegospelcoalition.org/blogs/justin-taylor/,HEAD,
prosperity-gospel,546,What Does the Bible Say About Biblical Prosperity?,https://www.desiringgod.org/articles/biblical-prosperity,broken,403,https://www.desiringgod.org/articles/biblical-prosperity,GET,
prosperity-gospel,554,Does God Want You to Be Rich?,https://www.9marks.org/article/does-god-want-you-to-be-rich/,broken,404,https://www.9marks.org/article/does-god-want-you-to-be-rich/,HEAD,
prosperity-gospel,562,Suffering and the Prosperity Gospel,https://www.thegospelcoalition.org/blogs/justin-taylor/suffering-and-the-prosperity-gospel/,live,200,https://www.thegospelcoalition.org/blogs/justin-taylor/,HEAD,
prosperity-gospel,570,Affluence and the Gospel,https://www.desiringgod.org/articles/affluence-and-the-gospel,broken,403,https://www.desiringgod.org/articles/affluence-and-the-gospel,GET,
racial-reconciliation,456,Time Is Now for Gospel Transformation,https://www.thegospelcoalition.org/article/time-is-now-for-gospel-transformation-in-race-relations/,live,200,https://www.thegospelcoalition.org/article/time-is-now-for-gospel-transformation-in-race-relations/,HEAD,
racial-reconciliation,457,Racial Reconciliation (Founders),https://founders.org/sermons/racial-reconciliation/,live,200,https://founders.org/sermons/racial-reconciliation/,HEAD,
racial-reconciliation,467,Evangelicals and the Future of Racial Unity,https://erlc.com/resource-library/erlc-podcast-episodes/evangelicals-and-the-future-of-racial-unity,broken,403,https://erlc.com/resource-library/erlc-podcast-episodes/evangelicals-and-the-future-of-racial-unity,GET,
racial-reconciliation,468,Jemar Tisby: Three Words for Racial Justice,https://www.christianitytoday.com/ct/2021/june-web-only/jemar-tisby-how-fight-racism-three-words.html,live,200,https://www.christianitytoday.com/2021/06/jemar-tisby-how-fight-racism-three-words/,HEAD,
racial-reconciliation,478,Multiethnic Church Movement (Christianity Today),https://www.christianitytoday.com/2021/march/race-diversity-multiethnic-church-movement-promise.html,broken,404,https://www.christianitytoday.com/2021/march/race-diversity-multiethnic-church-movement-promise.html,HEAD,
racial-reconciliation,479,20 Quotes on Lament and Racial Reconciliation,https://www.thegospelcoalition.org/article/20-quotes-lament-racial-reconciliation/,live,200,https://www.thegospelcoalition.org/article/20-quotes-lament-racial-reconciliation/,HEAD,
racial-reconciliation,489,How the Prosperity Gospel Hurts Racial Reconciliation,https://www.desiringgod.org/articles/how-the-prosperity-gospel-hurts-racial-reconciliation,broken,403,https://www.desiringgod.org/articles/how-the-prosperity-gospel-hurts-racial-reconciliation,GET,
racial-reconciliation,497,Racial Reconciliation Requires a Painful Level of Self-Awareness,https://www.christianitytoday.com/2021/03/racial-reconciliation-painful-level-self-awareness-villodas/,live,200,https://www.christianitytoday.com/pastors/content/racial-reconciliation-painful-level-self-awareness-villodas/,HEAD,
racial-reconciliation,505,The Multiethnic Church Movement Hasn’t Lived up to Its Promise,https://www.christianitytoday.com/2021/march/race-diversity-multiethnic-church-movement-promise.html,broken,404,https://www.christianitytoday.com/2021/march/race-diversity-multiethnic-church-movement-promise.html,HEAD,
racial-reconciliation,513,Jemar Tisby: Three Words Should Guide Our Pursuit of Racial Justice,https://www.christianitytoday.com/ct/2021/june-web-only/jemar-tisby-how-fight-racism-three-words.html,live,200,https://www.christianitytoday.com/2021/06/jemar-tisby-how-fight-racism-three-words/,HEAD,
racial-reconciliation,521,Why David Platt and Ligon Duncan Repented for Racial Blindness,https://www.thegospelcoalition.org/article/why-david-platt-ligon-duncan-repented-for-racial-blindness/,broken,404,https://www.thegospelcoalition.org/article/why-david-platt-ligon-duncan-repented-for-racial-blindness/,HEAD,
racial-reconciliation,529,20 Quotes on Lament and Racial Reconciliation,https://www.thegospelcoalition.org/article/20-quotes-lament-racial-reconciliation/,live,200,https://www.thegospelcoalition.org/article/20-quotes-lament-racial-reconciliation/,HEAD,
racial-reconciliation,537,How Our Church Has Seen the Gospel Overcome Racial Division,https://erlc.com/policy-content/how-our-church-has-seen-the-gospel-overcome-racial-division/,broken,403,https://erlc.com/policy-content/how-our-church-has-seen-the-gospel-overcome-racial-division/,GET,
racial-reconciliation,545,The Need for Gospel-Centered Racial Reconciliation,https://erlc.com/resource-library/articles/the-need-for-gospel-centered-racial-reconciliation/,broken,403,https://erlc.com/resource-library/articles/the-need-for-gospel-centered-racial-reconciliation/,GET,
racial-reconciliation,553,God Made Black and God Made White,https://www.desiringgod.org/articles/god-made-black-and-god-made-white,broken,403,https://www.desiringgod.org/articles/god-made-black-and-god-made-white,GET,
racial-reconciliation,561,"Died: John M. Perkins, Who Lived and Preached Racial Reconciliation",https://www.christianitytoday.com/2026/03/died-john-perkins-evangelicals-racial-reconciliation-mississippi/,live,200,https://www.christianitytoday.com/2026/03/died-john-perkins-evangelicals-racial-reconciliation-mississippi/,HEAD,
religious-liberty,439,ERLC on Religious Liberty,https://erlc.com/resource-library/articles/religious-liberty,broken,403,https://erlc.com/resource-library/articles/religious-liberty,GET,
religious-liberty,440,Albert Mohler on Conscience and the Law,https://www.thegospelcoalition.org/blogs/justin-taylor/albertmohler-conscience-and-law/,live,200,https://www.thegospelcoalition.org/blogs/justin-taylor/,HEAD,
religious-liberty,441,Religious Liberty and Christianity,https://www.thegospelcoalition.org/article/religious-liberty-and-christianity/,broken,404,https://www.thegospelcoalition.org/article/religious-liberty-and-christianity/,HEAD,
religious-liberty,451,Russell Moore on Religious Liberty,https://www.thegospelcoalition.org/blogs/justin-taylor/russell-moore-religious-liberty/,live,200,https://www.thegospelcoalition.org/blogs/justin-taylor/,HEAD,
religious-liberty,452,Religious Liberty and Pluralism,https://www.christianitytoday.com/ct/2021/december/religious-liberty-pluralism.html,broken,404,https://www.christianitytoday.com/ct/2021/december/religious-liberty-pluralism.html,HEAD,
religious-liberty,453,Faith and Conscience in Pluralism,https://www.thegospelcoalition.org/article/faith-and-conscience-in-pluralism/,broken,404,https://www.thegospelcoalition.org/article/faith-and-conscience-in-pluralism/,HEAD,
religious-liberty,463,Stanley Hauerwas on the Church and State,https://www.thegospelcoalition.org/blogs/justin-taylor/stanley-hauerwas-church-and-state/,live,200,https://www.thegospelcoalition.org/blogs/justin-taylor/,HEAD,
religious-liberty,464,Witness Without Legal Refuge,https://www.christianitytoday.com/ct/2022/march/witness-without-legal-refuge.html,broken,404,https://www.christianitytoday.com/ct/2022/march/witness-without-legal-refuge.html,HEAD,
religious-liberty,465,An Anabaptist Perspective on Religious Liberty,https://www.thegospelcoalition.org/article/anabaptist-perspective-religious-liberty/,broken,404,https://www.thegospelcoalition.org/article/anabaptist-perspective-religious-liberty/,HEAD,
religious-liberty,491,What Is Religious Liberty?,https://erlc.com/resource-library/articles/what-is-religious-liberty,broken,403,https://erlc.com/resource-library/articles/what-is-religious-liberty,GET,
religious-liberty,499,Masterpiece Cakeshop and Religious Conscience,https://www.thegospelcoalition.org/article/masterpiece-cakeshop-religious-liberty/,broken,404,https://www.thegospelcoalition.org/article/masterpiece-cakeshop-religious-liberty/,HEAD,
religious-liberty,507,Is Religious Liberty Really Under Threat?,https://www.christianitytoday.com/ct/2023/january-february/religious-liberty-threat.html,broken,404,https://www.christianitytoday.com/ct/2023/january-february/religious-liberty-threat.html,HEAD,
religious-liberty,515,LGBTQ Inclusion and Christian Conscience,https://www.thegospelcoalition.org/article/lgbtq-nondiscrimination-and-conscience/,broken,404,https://www.thegospelcoalition.org/article/lgbtq-nondiscrimination-and-conscience/,HEAD,
religious-liberty,523,Global Religious Persecution,https://erlc.com/resource-library/articles/global-religious-persecution,broken,403,https://erlc.com/resource-library/articles/global-religious-persecution,GET,
religious-liberty,531,Where Religious Liberty Becomes Discrimination,https://www.christianitytoday.com/ct/2022/june/religious-liberty-and-discrimination.html,broken,404,https://www.christianitytoday.com/ct/2022/june/religious-liberty-and-discrimination.html,HEAD,
religious-liberty,539,Prophetic Witness Without Legal Privilege,https://www.thegospelcoalition.org/article/prophetic-witness-without-legal-privilege/,broken,404,https://www.thegospelcoalition.org/article/prophetic-witness-without-legal-privilege/,HEAD,
religious-liberty,547,Religious Liberty and Pluralism,https://www.firstthings.com/articles/religious-liberty-and-pluralism,broken,404,https://firstthings.com/articles/religious-liberty-and-pluralism,HEAD,
religious-liberty,555,Faith-Based Adoption and Nondiscrimination Law,https://erlc.com/resource-library/articles/faith-based-adoption-agencies-and-nondiscrimination,broken,403,https://erlc.com/resource-library/articles/faith-based-adoption-agencies-and-nondiscrimination,GET,
religious-liberty,563,The Future of Religious Liberty in America,https://www.christianitytoday.com/ct/2024/april/religious-liberty-future.html,broken,404,https://www.christianitytoday.com/ct/2024/april/religious-liberty-future.html,HEAD,
sanctification,454,Five Questions on Sanctification (DeYoung),https://www.thegospelcoalition.org/blogs/kevin-deyoung/five-questions-about-sanctification-and-good-works-how-does-sanctification-differ-from-justification/,live,200,https://www.thegospelcoalition.org/blogs/kevin-deyoung/five-questions-about-sanctification-and-good-works-how-does-sanctification-differ-from-justification/,HEAD,
sanctification,455,5 Things You Should Know (Ligonier),https://learn.ligonier.org/articles/5-things-sanctification,live,200,https://learn.ligonier.org/articles/5-things-sanctification,HEAD,
sanctification,465,John Wesley (Christianity Today),https://www.christianitytoday.com/history/people/denominationalfounders/john-wesley.html,live,200,https://www.christianitytoday.com/2008/08/john-wesley/,HEAD,
sanctification,466,Models of Sanctification (TGC),https://www.thegospelcoalition.org/essay/models-of-sanctification/,live,200,https://www.thegospelcoalition.org/essay/models-of-sanctification/,HEAD,
sanctification,476,Union with Christ (TGC),https://www.thegospelcoalition.org/essay/union-with-christ/,live,200,https://www.thegospelcoalition.org/essay/union-with-christ/,HEAD,
sanctification,477,Billings Interview (TGC),https://www.thegospelcoalition.org/blogs/trevin-wax/the-gospel-of-union-with-christ-a-conversation-with-j-todd-billings/,live,200,https://www.thegospelcoalition.org/blogs/trevin-wax/the-gospel-of-union-with-christ-a-conversation-with-j-todd-billings/,HEAD,
sanctification,487,Models of Sanctification,https://www.thegospelcoalition.org/essay/models-of-sanctification/,live,200,https://www.thegospelcoalition.org/essay/models-of-sanctification/,HEAD,
sanctification,495,Five Questions About Sanctification and Good Works,https://www.thegospelcoalition.org/blogs/kevin-deyoung/five-questions-about-sanctification-and-good-works-how-does-sanctification-differ-from-justification/,live,200,https://www.thegospelcoalition.org/blogs/kevin-deyoung/five-questions-about-sanctification-and-good-works-how-does-sanctification-differ-from-justification/,HEAD,
sanctification,503,5 Things You Should Know About Sanctification,https://learn.ligonier.org/articles/5-things-sanctification,live,200,https://learn.ligonier.org/articles/5-things-sanctification,HEAD,
sanctification,511,Sanctification: So Why the Long Word?,https://www.desiringgod.org/articles/sanctification-so-why-the-long-word,broken,403,https://www.desiringgod.org/articles/sanctification-so-why-the-long-word,GET,
sanctification,519,Holiness Means More Than Killing Sin,https://www.desiringgod.org/articles/holiness-means-more-than-killing-sin,broken,403,https://www.desiringgod.org/articles/holiness-means-more-than-killing-sin,GET,
sanctification,527,"If I'm Dead to Sin, Why Must I Kill It Every Day?",https://www.desiringgod.org/articles/if-im-dead-to-sin-why-must-i-kill-it-every-day,broken,403,https://www.desiringgod.org/articles/if-im-dead-to-sin-why-must-i-kill-it-every-day,GET,
sanctification,535,"Dear Pastor, Know Your Theology of Sanctification",https://www.9marks.org/article/dear-pastor-know-your-theology-of-sanctification/,live,200,https://www.9marks.org/article/dear-pastor-know-your-theology-of-sanctification/,HEAD,
sanctification,543,The Doctrine of Sanctification,https://www.thegospelcoalition.org/essay/the-doctrine-of-sanctification/,live,200,https://www.thegospelcoalition.org/essay/the-doctrine-of-sanctification/,HEAD,
sanctification,551,10 Things You Should Know About Sanctification,https://www.crossway.org/articles/10-things-you-should-know-about-sanctification/,live,200,https://www.crossway.org/articles/10-things-you-should-know-about-sanctification/,HEAD,
sanctification,559,The Means of Grace We Might Despise,https://www.desiringgod.org/articles/the-means-of-grace-we-might-despise,broken,403,https://www.desiringgod.org/articles/the-means-of-grace-we-might-despise,GET,
singleness,455,Article on this topic,https://www.thegospelcoalition.org/article/topic/,broken,404,https://www.thegospelcoalition.org/article/topic/,HEAD,
singleness,456,Further reading,https://www.crossway.org/articles/topic/,broken,404,https://www.crossway.org/articles/topic/,HEAD,
singleness,466,Article on this topic,https://www.desiringgod.org/articles/topic/,broken,403,https://www.desiringgod.org/articles/topic/,GET,
singleness,467,Further reading,https://www.9marks.org/article/topic/,broken,444,https://www.9marks.org/article/topic/,HEAD,
singleness,477,Article on this topic,https://christianitytoday.com/article/topic/,broken,404,https://www.christianitytoday.com/article/topic/,HEAD,
singleness,478,Further reading,https://firstthings.com/article/topic/,broken,404,https://firstthings.com/article/topic/,HEAD,
singleness,504,Understanding Singleness,https://www.thegospelcoalition.org/article/topic-overview/,broken,404,https://www.thegospelcoalition.org/article/topic-overview/,HEAD,
singleness,512,Scripture on Singleness: A Biblical Overview,https://www.crossway.org/articles/topic-biblical/,broken,404,https://www.crossway.org/articles/topic-biblical/,HEAD,
singleness,520,Singleness and the Gospel,https://www.desiringgod.org/articles/topic-gospel/,broken,403,https://www.desiringgod.org/articles/topic-gospel/,GET,
singleness,528,Historical Perspectives on Singleness,https://www.9marks.org/article/topic-history/,broken,404,https://www.9marks.org/article/topic-history/,HEAD,
singleness,536,Position One on Singleness,https://www.ligonier.org/learn/articles/topic-position-one/,broken,404,https://learn.ligonier.org/articles/topic-position-one,HEAD,
singleness,544,Alternative Perspectives on Singleness,https://www.christianitytoday.com/article/topic-alternative/,broken,404,https://www.christianitytoday.com/article/topic-alternative/,HEAD,
singleness,552,Singleness in the Church Today,https://www.albertmohler.com/2024/topic-church-today/,unreachable,,,,timeout
singleness,560,Practicing Singleness: From Theology to Life,https://firstthings.com/article/topic-practice/,broken,404,https://firstthings.com/article/topic-practice/,HEAD,
small-groups,455,Article on this topic,https://www.thegospelcoalition.org/article/topic/,broken,404,https://www.thegospelcoalition.org/article/topic/,HEAD,
small-groups,456,Further reading,https://www.crossway.org/articles/topic/,broken,404,https://www.crossway.org/articles/topic/,HEAD,
small-groups,466,Article on this topic,https://www.desiringgod.org/articles/topic/,broken,403,https://www.desiringgod.org/articles/topic/,GET,
small-groups,467,Further reading,https://www.9marks.org/article/topic/,broken,444,https://www.9marks.org/article/topic/,HEAD,
small-groups,477,Article on this topic,https://christianitytoday.com/article/topic/,broken,404,https://www.christianitytoday.com/article/topic/,HEAD,
small-groups,478,Further reading,https://firstthings.com/article/topic/,broken,404,https://firstthings.com/article/topic/,HEAD,
small-groups,504,Understanding Small Groups,https://www.thegospelcoalition.org/article/topic-overview/,broken,404,https://www.thegospelcoalition.org/article/topic-overview/,HEAD,
small-groups,512,Scripture on Small Groups: A Biblical Overview,https://www.crossway.org/articles/topic-biblical/,broken,404,https://www.crossway.org/articles/topic-biblical/,HEAD,
small-groups,520,Small Groups and the Gospel,https://www.desiringgod.org/articles/topic-gospel/,broken,403,https://www.desiringgod.org/articles/topic-gospel/,GET,
small-groups,528,Historical Perspectives on Small Groups,https://www.9marks.org/article/topic-history/,broken,404,https://www.9marks.org/article/topic-history/,HEAD,
small-groups,536,Position One on Small Groups,https://www.ligonier.org/learn/articles/topic-position-one/,broken,404,https://learn.ligonier.org/articles/topic-position-one,HEAD,
small-groups,544,Alternative Perspectives on Small Groups,https://www.christianitytoday.com/article/topic-alternative/,broken,404,https://www.christianitytoday.com/article/topic-alternative/,HEAD,
small-groups,552,Small Groups in the Church Today,https://www.albertmohler.com/2024/topic-church-today/,unreachable,,,,timeout
small-groups,560,Practicing Small Groups: From Theology to Life,https://firstthings.com/article/topic-practice/,broken,404,https://firstthings.com/article/topic-practice/,HEAD,
spiritual-abuse,439,Chuck DeGroat on Spiritual Abuse,https://www.thegospelcoalition.org/blogs/justin-taylor/chuck-degroa-on-spiritual-abuse/,live,200,https://www.thegospelcoalition.org/blogs/justin-taylor/,HEAD,
spiritual-abuse,440,Wade Mullen on Abuse and Cover-Up,https://www.thegospelcoalition.org/blogs/justin-taylor/wade-mullen-on-abuse-cover-up/,live,200,https://www.thegospelcoalition.org/blogs/justin-taylor/,HEAD,
spiritual-abuse,441,9Marks: Protecting Your Church from Abuse,https://www.9marks.org/article/protecting-your-church-from-abuse/,broken,404,https://www.9marks.org/article/protecting-your-church-from-abuse/,HEAD,
spiritual-abuse,451,Crossway: Spiritual Abuse and Biblical Counseling,https://www.crossway.org/articles/spiritual-abuse-and-biblical-counseling/,broken,404,https://www.crossway.org/articles/spiritual-abuse-and-biblical-counseling/,HEAD,
spiritual-abuse,452,Healing from Spiritual Abuse,https://www.thegospelcoalition.org/blogs/justin-taylor/healing-from-spiritual-abuse/,live,200,https://www.thegospelcoalition.org/blogs/justin-taylor/,HEAD,
spiritual-abuse,453,National Association of Nouthetic Counselors,https://www.naccap.org/,live,200,https://www.naccap.org/,HEAD,
spiritual-abuse,463,Christianity Today on Ravi Zacharias,https://www.christianitytoday.com/ct/2021/april-web-only/ravi-zacharias-spiritual-abuse.html,broken,404,https://www.christianitytoday.com/ct/2021/april-web-only/ravi-zacharias-spiritual-abuse.html,GET,
spiritual-abuse,464,Recovering from Authoritarian Evangelicalism,https://www.christianitytoday.com/ct/2022/may/recovering-authoritarian-evangelicalism.html,broken,404,https://www.christianitytoday.com/ct/2022/may/recovering-authoritarian-evangelicalism.html,HEAD,
spiritual-abuse,465,Scot McKnight on Gospel Witness,https://www.thegospelcoalition.org/blogs/justin-taylor/scot-mcknight-gospel-witness/,live,200,https://www.thegospelcoalition.org/blogs/justin-taylor/,HEAD,
spiritual-abuse,491,Spiritual Abuse in the Church,https://www.thegospelcoalition.org/article/spiritual-abuse-in-the-church/,broken,404,https://www.thegospelcoalition.org/article/spiritual-abuse-in-the-church/,HEAD,
spiritual-abuse,499,The Ravi Zacharias Report and Its Aftermath,https://www.christianitytoday.com/ct/2023/may-june/spiritual-abuse-ravi-zacharias.html,broken,404,https://www.christianitytoday.com/ct/2023/may-june/spiritual-abuse-ravi-zacharias.html,HEAD,
spiritual-abuse,507,Responding to a Victim of Abuse,https://www.9marks.org/article/responding-to-a-victim-of-abuse/,broken,404,https://www.9marks.org/article/responding-to-a-victim-of-abuse/,HEAD,
spiritual-abuse,515,What Churches Can Learn from Mars Hill,https://www.crossway.org/articles/what-churches-can-learn-from-the-mars-hill-scandal/,broken,404,https://www.crossway.org/articles/what-churches-can-learn-from-the-mars-hill-scandal/,HEAD,
spiritual-abuse,523,Trauma and the Congregation,https://www.thegospelcoalition.org/blogs/justin-taylor/diane-langberg-trauma/,live,200,https://www.thegospelcoalition.org/blogs/justin-taylor/,HEAD,
spiritual-abuse,531,Building Accountable Churches,https://www.christianitytoday.com/ct/2022/march/abuse-accountability-evangelical-churches.html,broken,404,https://www.christianitytoday.com/ct/2022/march/abuse-accountability-evangelical-churches.html,HEAD,
spiritual-abuse,539,Elder Board Accountability Structures,https://www.9marks.org/article/elder-board-accountability-structures/,broken,404,https://www.9marks.org/article/elder-board-accountability-structures/,HEAD,
spiritual-abuse,547,Recovering from Spiritual Abuse,https://www.thegospelcoalition.org/article/spiritual-abuse-recovery/,broken,404,https://www.thegospelcoalition.org/article/spiritual-abuse-recovery/,HEAD,
spiritual-abuse,555,Leadership and Authority in Scripture,https://www.crossway.org/articles/leadership-and-authority-in-the-church/,broken,404,https://www.crossway.org/articles/leadership-and-authority-in-the-church/,HEAD,
spiritual-abuse,563,Prevention Through Culture Change,https://www.christianitytoday.com/ct/2024/march/spiritual-abuse-prevention-evangelical-churches.html,broken,404,https://www.christianitytoday.com/ct/2024/march/spiritual-abuse-prevention-evangelical-churches.html,HEAD,
spiritual-disciplines,456,What Are Spiritual Disciplines?,https://www.desiringgod.org/interviews/what-are-spiritual-disciplines,broken,403,https://www.desiringgod.org/interviews/what-are-spiritual-disciplines,GET,
spiritual-disciplines,457,Why Is Prayer a Means of Grace?,https://learn.ligonier.org/articles/means-of-grace-prayer,live,200,https://learn.ligonier.org/articles/means-of-grace-prayer,HEAD,
spiritual-disciplines,467,Richard Foster on Effort and Grace,https://www.christianitytoday.com/ct/2018/october/richard-foster-effort-opposite-grace-celebration-discipline.html,live,200,https://www.christianitytoday.com/2018/09/richard-foster-effort-opposite-grace-celebration-discipline/,HEAD,
spiritual-disciplines,468,The Spiritual Disciplines Are for Enjoying Jesus,https://www.thegospelcoalition.org/reviews/habits-of-grace/,live,200,https://www.thegospelcoalition.org/reviews/habits-of-grace/,HEAD,
spiritual-disciplines,478,4 Reasons Every Pastor Needs Silence,https://www.thegospelcoalition.org/article/4-reasons-every-pastor-needs-silence/,live,200,https://www.thegospelcoalition.org/article/4-reasons-every-pastor-needs-silence/,HEAD,
spiritual-disciplines,479,Learning the Ancient Rhythms of Prayer,https://www.christianitytoday.com/2001/01/learning-ancient-rhythms-of-prayer/,live,200,https://www.christianitytoday.com/2001/01/learning-ancient-rhythms-of-prayer/,HEAD,
spiritual-disciplines,489,What Are Spiritual Disciplines?,https://www.desiringgod.org/interviews/what-are-spiritual-disciplines,broken,403,https://www.desiringgod.org/interviews/what-are-spiritual-disciplines,GET,
spiritual-disciplines,497,Fasting Isn’t for the Spiritually Elite. It’s for the Hurting.,https://www.thegospelcoalition.org/article/fasting-not-spiritually-elite-hurting/,live,200,https://www.thegospelcoalition.org/article/fasting-not-spiritually-elite-hurting/,HEAD,
spiritual-disciplines,505,Start the Day Happy in God: The Lost Art of Bible Meditation,https://www.desiringgod.org/articles/start-the-day-happy-in-god,broken,403,https://www.desiringgod.org/articles/start-the-day-happy-in-god,GET,
spiritual-disciplines,513,What Is the Sabbath?,https://www.crossway.org/articles/what-is-the-sabbath/,live,200,https://www.crossway.org/articles/what-is-the-sabbath/,HEAD,
spiritual-disciplines,521,Truly Spiritual Disciplines,https://learn.ligonier.org/devotionals/truly-spiritual-disciplines,live,200,https://learn.ligonier.org/devotionals/truly-spiritual-disciplines,HEAD,
spiritual-disciplines,529,4 Reasons Every Pastor Needs Silence,https://www.thegospelcoalition.org/article/4-reasons-every-pastor-needs-silence/,live,200,https://www.thegospelcoalition.org/article/4-reasons-every-pastor-needs-silence/,HEAD,
spiritual-disciplines,537,Learning the Ancient Rhythms of Prayer,https://www.christianitytoday.com/2001/01/learning-ancient-rhythms-of-prayer/,live,200,https://www.christianitytoday.com/2001/01/learning-ancient-rhythms-of-prayer/,HEAD,
spiritual-disciplines,545,Why Is Prayer a Means of Grace?,https://learn.ligonier.org/articles/means-of-grace-prayer,live,200,https://learn.ligonier.org/articles/means-of-grace-prayer,HEAD,
spiritual-disciplines,553,Richard Foster: Effort Is Not the Opposite of Grace,https://www.christianitytoday.com/ct/2018/october/richard-foster-effort-opposite-grace-celebration-discipline.html,live,200,https://www.christianitytoday.com/2018/09/richard-foster-effort-opposite-grace-celebration-discipline/,HEAD,
spiritual-disciplines,561,Gospel Practices in Hard Seasons,https://learn.ligonier.org/articles/gospel-practices-in-hard-seasons,live,200,https://learn.ligonier.org/articles/gospel-practices-in-hard-seasons,HEAD,
spiritual-warfare,455,How Should We Think About Spiritual Warfare? (TGC),https://www.thegospelcoalition.org/blogs/justin-taylor/how-should-we-think-about-spiritual-warfare/,live,200,https://www.thegospelcoalition.org/blogs/justin-taylor/how-should-we-think-about-spiritual-warfare/,HEAD,
spiritual-warfare,456,Why We Should Not Fear Satan and Demons (Crossway),https://www.crossway.org/articles/why-we-should-not-fear-satan-and-demons/,live,200,https://www.crossway.org/articles/why-we-should-not-fear-satan-and-demons/,HEAD,
spiritual-warfare,466,Spiritual Warfare and Prayer (Desiring God),https://www.desiringgod.org/messages/spiritual-warfare-and-prayer,broken,403,https://www.desiringgod.org/messages/spiritual-warfare-and-prayer,GET,
spiritual-warfare,467,Cosmic-Level Spiritual Warfare (Desiring God),https://www.desiringgod.org/articles/cosmic-level-spiritual-warfare,broken,403,https://www.desiringgod.org/articles/cosmic-level-spiritual-warfare,GET,
spiritual-warfare,477,The Neglected Reality of Spiritual Warfare (TGC),https://www.thegospelcoalition.org/article/the-neglected-reality-of-spiritual-warfare/,broken,404,https://www.thegospelcoalition.org/article/the-neglected-reality-of-spiritual-warfare/,HEAD,
spiritual-warfare,478,Spiritual Warfare and the New Testament Story (TGC),https://www.thegospelcoalition.org/blogs/trevin-wax/spiritual-warfare-and-the-new-testament-story/,live,200,https://www.thegospelcoalition.org/blogs/trevin-wax/spiritual-warfare-and-the-new-testament-story/,HEAD,
spiritual-warfare,504,How Should We Think About Spiritual Warfare?,https://www.thegospelcoalition.org/blogs/justin-taylor/how-should-we-think-about-spiritual-warfare/,live,200,https://www.thegospelcoalition.org/blogs/justin-taylor/how-should-we-think-about-spiritual-warfare/,HEAD,
spiritual-warfare,512,Spiritual Warfare and Prayer,https://www.desiringgod.org/messages/spiritual-warfare-and-prayer,broken,403,https://www.desiringgod.org/messages/spiritual-warfare-and-prayer,GET,
spiritual-warfare,520,Why We Should Not Fear Satan and Demons,https://www.crossway.org/articles/why-we-should-not-fear-satan-and-demons/,live,200,https://www.crossway.org/articles/why-we-should-not-fear-satan-and-demons/,HEAD,
spiritual-warfare,528,How to Pray in Spiritual Warfare,https://www.crossway.org/articles/how-to-pray-in-spiritual-warfare/,live,200,https://www.crossway.org/articles/how-to-pray-in-spiritual-warfare/,HEAD,
spiritual-warfare,536,Spiritual Warfare and the New Testament Story,https://www.thegospelcoalition.org/blogs/trevin-wax/spiritual-warfare-and-the-new-testament-story/,live,200,https://www.thegospelcoalition.org/blogs/trevin-wax/spiritual-warfare-and-the-new-testament-story/,HEAD,
spiritual-warfare,544,The Armor of God,https://learn.ligonier.org/devotionals/armor-god,live,200,https://learn.ligonier.org/devotionals/armor-god,HEAD,
spiritual-warfare,552,The Neglected Reality of Spiritual Warfare,https://www.thegospelcoalition.org/article/the-neglected-reality-of-spiritual-warfare/,broken,404,https://www.thegospelcoalition.org/article/the-neglected-reality-of-spiritual-warfare/,HEAD,
spiritual-warfare,560,Cosmic-Level Spiritual Warfare,https://www.desiringgod.org/articles/cosmic-level-spiritual-warfare,broken,403,https://www.desiringgod.org/articles/cosmic-level-spiritual-warfare,GET,
spiritual-warfare,568,How to Combat the Demonic,https://www.thegospelcoalition.org/article/how-to-combat-the-demonic/,live,200,https://www.thegospelcoalition.org/article/how-to-combat-the-demonic/,HEAD,
spiritual-warfare,576,Be Ready to Speak of Jesus: Evangelism as Spiritual Warfare,https://www.desiringgod.org/articles/be-ready-to-speak-of-jesus,broken,403,https://www.desiringgod.org/articles/be-ready-to-speak-of-jesus,GET,
stewardship-and-generosity,438,Why Tithing Matters Today,https://www.crossway.org/articles/why-tithing-matters/,broken,404,https://www.crossway.org/articles/why-tithing-matters/,HEAD,
stewardship-and-generosity,439,Tithing in the New Testament,https://www.thegospelcoalition.org/blogs/justin-taylor/tithing/,live,200,https://www.thegospelcoalition.org/blogs/justin-taylor/,HEAD,
stewardship-and-generosity,449,Radical by David Platt,https://www.desiringood.org/books/radical/,unreachable,,,,conn:ConnectionError
stewardship-and-generosity,450,"Money, Possessions, and Eternity by Randy Alcorn",https://www.crossway.org/books/money-possessions-and-eternity-by-randy-alcorn/,broken,404,https://www.crossway.org/books/money-possessions-and-eternity-by-randy-alcorn/,HEAD,
stewardship-and-generosity,460,Generosity Rather Than Tithing,https://www.thegospelcoalition.org/article/generosity-not-tithing/,broken,404,https://www.thegospelcoalition.org/article/generosity-not-tithing/,HEAD,
stewardship-and-generosity,486,The Tithe in the New Testament: Five Key Points,https://www.thegospelcoalition.org/article/tithing-new-testament/,broken,404,https://www.thegospelcoalition.org/article/tithing-new-testament/,HEAD,
stewardship-and-generosity,494,Generosity and the Gospel,https://www.desiringood.org/articles/generosity-and-the-gospel/,unreachable,,,,conn:ConnectionError
stewardship-and-generosity,502,The Giving Crisis in American Churches,https://www.christianitytoday.com/ct/2018/october/american-church-giving-crisis.html,broken,404,https://www.christianitytoday.com/ct/2018/october/american-church-giving-crisis.html,HEAD,
stewardship-and-generosity,510,Money and the Idolatry of Wealth,https://www.crossway.org/articles/money-and-the-idolatry-of-wealth/,broken,404,https://www.crossway.org/articles/money-and-the-idolatry-of-wealth/,HEAD,
stewardship-and-generosity,518,Why the Prosperity Gospel Is False Gospel,https://www.thegospelcoalition.org/blogs/justin-taylor/prosperity-gospel-critique/,live,200,https://www.thegospelcoalition.org/blogs/justin-taylor/,HEAD,
stewardship-and-generosity,526,David Platt on Why Christians Must Give Radically,https://www.christianitytoday.com/ct/2019/december/david-platt-radical-generosity.html,broken,404,https://www.christianitytoday.com/ct/2019/december/david-platt-radical-generosity.html,HEAD,
stewardship-and-generosity,534,The Macedonian Model: Joy and Generosity,https://www.desiringood.org/articles/joy-of-giving/,unreachable,,,,conn:ConnectionError
stewardship-and-generosity,542,Tim Keller: Money and the Gospel,https://www.thegospelcoalition.org/article/tim-keller-money-and-the-gospel/,broken,404,https://www.thegospelcoalition.org/article/tim-keller-money-and-the-gospel/,HEAD,
stewardship-and-generosity,550,Biblical Stewardship: More Than Money,https://www.crossway.org/articles/biblical-stewardship-more-than-money/,broken,404,https://www.crossway.org/articles/biblical-stewardship-more-than-money/,HEAD,
stewardship-and-generosity,558,The Consumer Church and the Myth of Prosperity,https://www.christianitytoday.com/ct/2020/may/consumer-church-materialism.html,broken,404,https://www.christianitytoday.com/ct/2020/may/consumer-church-materialism.html,HEAD,
suffering-and-providence,457,Ten Aspects of God's Sovereignty Over Suffering,https://www.desiringgod.org/articles/ten-aspects-of-gods-sovereignty-over-suffering,broken,403,https://www.desiringgod.org/articles/ten-aspects-of-gods-sovereignty-over-suffering,GET,
suffering-and-providence,458,Providence and Suffering (TGC),https://www.thegospelcoalition.org/article/providence-suffering/,broken,404,https://www.thegospelcoalition.org/article/providence-suffering/,HEAD,
suffering-and-providence,468,Open Theism and Divine Omniscience,https://www.thegospelcoalition.org/article/open-theism-response/,broken,404,https://www.thegospelcoalition.org/article/open-theism-response/,HEAD,
suffering-and-providence,469,God of the Impossible: A Reflection on Open Theism,https://www.thegospelcoalition.org/article/god-of-the-impossible/,live,200,https://www.thegospelcoalition.org/article/god-of-the-impossible/,HEAD,
suffering-and-providence,479,Lament and Suffering (TGC),https://www.thegospelcoalition.org/article/lament-and-suffering/,broken,404,https://www.thegospelcoalition.org/article/lament-and-suffering/,HEAD,
suffering-and-providence,480,What Is Lament? (Crossway),https://www.crossway.org/articles/what-is-lament/,broken,404,https://www.crossway.org/articles/what-is-lament/,HEAD,
suffering-and-providence,506,Ten Aspects of God's Sovereignty Over Suffering,https://www.desiringgod.org/articles/ten-aspects-of-gods-sovereignty-over-suffering,broken,403,https://www.desiringgod.org/articles/ten-aspects-of-gods-sovereignty-over-suffering,GET,
suffering-and-providence,514,"Pastor, Don't Quit—Learn to Lament",https://www.crossway.org/articles/pastor-dont-quitlearn-to-lament/,live,200,https://www.crossway.org/articles/pastor-dont-quitlearn-to-lament/,HEAD,
suffering-and-providence,522,Strong Churches Speak the Language of Lament,https://www.thegospelcoalition.org/article/strong-churches-lanuage-lament/,live,200,https://www.thegospelcoalition.org/article/strong-churches-lanuage-lament/,HEAD,
suffering-and-providence,530,What Comfort Does the Doctrine of Providence Bring During Difficult Times?,https://www.ligonier.org/qas/what-comfort-does-the-doctrine-of-providence-bring-during-difficult-times,broken,404,https://www.ligonier.org/qas/what-comfort-does-the-doctrine-of-providence-bring-during-difficult-times,HEAD,
suffering-and-providence,538,Dare to Hope in God: How to Lament Well,https://www.desiringgod.org/articles/dare-to-hope-in-god,broken,403,https://www.desiringgod.org/articles/dare-to-hope-in-god,GET,
suffering-and-providence,546,"Why Suffering for Christ Is More Than Just a ""Necessary Evil""",https://www.crossway.org/articles/why-suffering-for-christ-is-more-than-just-a-necessary-evil/,live,200,https://www.crossway.org/articles/why-suffering-for-christ-is-more-than-just-a-necessary-evil/,HEAD,
suffering-and-providence,554,The Problem of Evil,https://www.thegospelcoalition.org/essay/the-problem-of-evil/,live,200,https://www.thegospelcoalition.org/essay/the-problem-of-evil/,HEAD,
suffering-and-providence,562,Scripture and Neuroscience Agree: It Helps to Lament in Community,https://www.christianitytoday.com/ct/2019/november-web-only/neuroscience-and-scripture-agree-it-helps-to-lament-in-comm.html,live,200,https://www.christianitytoday.com/2019/11/neuroscience-and-scripture-agree-it-helps-to-lament-in-comm/,GET,
suffering-and-providence,570,Openness Theology and Divine Omniscience,https://www.thegospelcoalition.org/article/openness-theology-divine-omniscience/,broken,404,https://www.thegospelcoalition.org/article/openness-theology-divine-omniscience/,HEAD,
suffering-and-providence,578,Encountering Evil: Live Options in Theodicy,https://www.thegospelcoalition.org/themelios/review/encountering-evil-live-options-in-theodicy-2/,live,200,https://www.thegospelcoalition.org/themelios/review/encountering-evil-live-options-in-theodicy-2/,HEAD,
technology,456,Let Andy Crouch Help Your Family Become Tech-Wise,https://www.thegospelcoalition.org/reviews/the-tech-wise-family/,live,200,https://www.thegospelcoalition.org/reviews/the-tech-wise-family/,HEAD,
technology,457,Limiting My Phone Expanded My View of God,https://www.thegospelcoalition.org/article/limiting-phone-view-god/,live,200,https://www.thegospelcoalition.org/article/limiting-phone-view-god/,HEAD,
technology,467,Two Keys to Flourishing in the Digital Age,https://www.desiringgod.org/articles/two-keys-to-flourishing-in-the-digital-age,broken,403,https://www.desiringgod.org/articles/two-keys-to-flourishing-in-the-digital-age,GET,
technology,468,Practical Hope for Screen Addicts,https://www.thegospelcoalition.org/reviews/digital-minimalism/,live,200,https://www.thegospelcoalition.org/reviews/digital-minimalism/,HEAD,
technology,478,AI: An Evangelical Statement of Principles (ERLC),https://erlc.com/policy-content/artificial-intelligence-an-evangelical-statement-of-principles/,broken,403,https://erlc.com/policy-content/artificial-intelligence-an-evangelical-statement-of-principles/,GET,
technology,479,AI Will Shape Your Soul,https://www.christianitytoday.com/2023/09/artificial-intelligence-robots-soul-formation/,live,200,https://www.christianitytoday.com/2023/09/artificial-intelligence-robots-soul-formation/,HEAD,
technology,505,Let Andy Crouch Help Your Family Become Tech-Wise,https://www.thegospelcoalition.org/reviews/the-tech-wise-family/,live,200,https://www.thegospelcoalition.org/reviews/the-tech-wise-family/,HEAD,
technology,513,Two Keys to Flourishing in the Digital Age,https://www.desiringgod.org/articles/two-keys-to-flourishing-in-the-digital-age,broken,403,https://www.desiringgod.org/articles/two-keys-to-flourishing-in-the-digital-age,GET,
technology,521,Practical Hope for Screen Addicts,https://www.thegospelcoalition.org/reviews/digital-minimalism/,live,200,https://www.thegospelcoalition.org/reviews/digital-minimalism/,HEAD,
technology,529,Limiting My Phone Expanded My View of God,https://www.thegospelcoalition.org/article/limiting-phone-view-god/,live,200,https://www.thegospelcoalition.org/article/limiting-phone-view-god/,HEAD,
technology,537,Artificial Intelligence: An Evangelical Statement of Principles,https://erlc.com/policy-content/artificial-intelligence-an-evangelical-statement-of-principles/,broken,403,https://erlc.com/policy-content/artificial-intelligence-an-evangelical-statement-of-principles/,GET,
technology,545,AI Will Shape Your Soul,https://www.christianitytoday.com/2023/09/artificial-intelligence-robots-soul-formation/,live,200,https://www.christianitytoday.com/2023/09/artificial-intelligence-robots-soul-formation/,HEAD,
technology,553,How Does Our Digital Life Affect Our Theology?,https://www.crossway.org/articles/how-does-our-digital-life-affect-our-theology/,live,200,https://www.crossway.org/articles/how-does-our-digital-life-affect-our-theology/,HEAD,
technology,561,3 Ways Wisdom Is Threatened in the Information Age,https://www.crossway.org/articles/3-ways-wisdom-is-threatened-in-the-information-age/,live,200,https://www.crossway.org/articles/3-ways-wisdom-is-threatened-in-the-information-age/,HEAD,
technology,569,Digital Theology,https://learn.ligonier.org/articles/digital-theology,live,200,https://learn.ligonier.org/articles/digital-theology,HEAD,
technology,577,20 Quotes From Tony Reinke's New Book About Your Smartphone,https://www.thegospelcoalition.org/article/20-quotes-from-tony-reinkes-new-book-about-your-smartphone/,live,200,https://www.thegospelcoalition.org/article/20-quotes-from-tony-reinkes-new-book-about-your-smartphone/,HEAD,
technology-and-discipleship,456,The Case for Tech-Wise Churches,https://www.thegospelcoalition.org/article/case-tech-wise-churches/,live,200,https://www.thegospelcoalition.org/article/case-tech-wise-churches/,HEAD,
technology-and-discipleship,457,How Does Our Digital Life Affect Our Theology?,https://www.crossway.org/articles/how-does-our-digital-life-affect-our-theology/,live,200,https://www.crossway.org/articles/how-does-our-digital-life-affect-our-theology/,HEAD,
technology-and-discipleship,467,Discipleship in the Age of the Spectacle,https://www.desiringgod.org/articles/discipleship-in-the-age-of-the-spectacle,broken,403,https://www.desiringgod.org/articles/discipleship-in-the-age-of-the-spectacle,GET,
technology-and-discipleship,468,Disruptive Witness for a Distracted Age (Review),https://www.thegospelcoalition.org/reviews/disruptive-witness-distracted-age/,live,200,https://www.thegospelcoalition.org/reviews/disruptive-witness-distracted-age/,HEAD,
technology-and-discipleship,478,Why You Need a Sabbath from Your Tech,https://www.crossway.org/articles/why-you-need-a-sabbath-from-your-tech/,live,200,https://www.crossway.org/articles/why-you-need-a-sabbath-from-your-tech/,HEAD,
technology-and-discipleship,479,The Common Rule: Habits of Purpose for an Age of Distraction (Review),https://www.thegospelcoalition.org/themelios/review/the-common-rule-habits-of-purpose-for-an-age-of-distraction/,live,200,https://www.thegospelcoalition.org/themelios/review/the-common-rule-habits-of-purpose-for-an-age-of-distraction/,HEAD,
technology-and-discipleship,505,The Case for Tech-Wise Churches,https://www.thegospelcoalition.org/article/case-tech-wise-churches/,live,200,https://www.thegospelcoalition.org/article/case-tech-wise-churches/,HEAD,
technology-and-discipleship,513,Discipleship in the Age of the Spectacle,https://www.desiringgod.org/articles/discipleship-in-the-age-of-the-spectacle,broken,403,https://www.desiringgod.org/articles/discipleship-in-the-age-of-the-spectacle,GET,
technology-and-discipleship,521,Disruptive Witness for a Distracted Age,https://www.thegospelcoalition.org/reviews/disruptive-witness-distracted-age/,live,200,https://www.thegospelcoalition.org/reviews/disruptive-witness-distracted-age/,HEAD,
technology-and-discipleship,529,Why You Need a Sabbath from Your Tech,https://www.crossway.org/articles/why-you-need-a-sabbath-from-your-tech/,live,200,https://www.crossway.org/articles/why-you-need-a-sabbath-from-your-tech/,HEAD,
technology-and-discipleship,537,The Common Rule: Habits of Purpose for an Age of Distraction,https://www.thegospelcoalition.org/themelios/review/the-common-rule-habits-of-purpose-for-an-age-of-distraction/,live,200,https://www.thegospelcoalition.org/themelios/review/the-common-rule-habits-of-purpose-for-an-age-of-distraction/,HEAD,
technology-and-discipleship,545,6 Ways Digital Technology Deforms Us,https://www.thegospelcoalition.org/article/technology-deforms/,live,200,https://www.thegospelcoalition.org/article/technology-deforms/,HEAD,
technology-and-discipleship,553,Review: Digital Liturgies by Samuel James,https://www.thegospelcoalition.org/reviews/digital-liturgies/,live,200,https://www.thegospelcoalition.org/reviews/digital-liturgies/,HEAD,
technology-and-discipleship,561,How Does Our Digital Life Affect Our Theology?,https://www.crossway.org/articles/how-does-our-digital-life-affect-our-theology/,live,200,https://www.crossway.org/articles/how-does-our-digital-life-affect-our-theology/,HEAD,
technology-and-discipleship,569,Technology-Mediated Ministry: How Far Is Too Far?,https://www.9marks.org/article/technology-mediated-ministry-how-far-is-too-far/,live,200,https://www.9marks.org/article/technology-mediated-ministry-how-far-is-too-far/,HEAD,
technology-and-discipleship,577,The Work of Our Hands: Christian Ministry in the Age of Artificial Intelligence,https://erlc.com/wp-content/uploads/2025/09/ERL5199_ResearchBook_AI_Digital_091225-1.pdf,live,200,https://erlc.com/wp-content/uploads/2025/09/ERL5199_ResearchBook_AI_Digital_091225-1.pdf,HEAD,
the-trinity,451,The Christian God: Essential Elements of Christian Theology,https://www.crossway.org/books/the-christian-god/,broken,404,https://www.crossway.org/books/the-christian-god/,HEAD,
the-trinity,452,Trinity and Covenant,https://ligonier.org/learn/articles/trinity-and-covenant/,broken,404,https://learn.ligonier.org/articles/trinity-and-covenant,HEAD,
the-trinity,462,Evangelical Feminism: A New Path to Biblicism?,https://www.crossway.org/books/evangelical-feminism-and-biblical-truth/,broken,404,https://www.crossway.org/books/evangelical-feminism-and-biblical-truth/,HEAD,
the-trinity,463,The Mystery of the Trinity,https://www.desiringgod.org/articles/the-mystery-of-the-trinity/,broken,403,https://www.desiringgod.org/articles/the-mystery-of-the-trinity/,GET,
the-trinity,473,The Exclusion and the Embrace,https://www.ivpress.com/exclusion-and-embrace,broken,403,https://www.ivpress.com/exclusion-and-embrace,GET,
the-trinity,474,Communion and Otherness,https://www.ivpress.com/communion-and-otherness,broken,403,https://www.ivpress.com/communion-and-otherness,GET,
vocation-and-work,456,Living in God's Two Kingdoms (VanDrunen),https://www.9marks.org/review/living-gods-two-kingdoms/,unreachable,,,,timeout
vocation-and-work,457,Bavinck as Cultural Apologist,https://www.thegospelcoalition.org/article/orthodox-modern-bavinck-cultural-apologist/,live,200,https://www.thegospelcoalition.org/article/orthodox-modern-bavinck-cultural-apologist/,HEAD,
vocation-and-work,467,Every Good Endeavor (Keller Book Review),https://www.thegospelcoalition.org/reviews/every-good-endeavor/,live,200,https://www.thegospelcoalition.org/reviews/every-good-endeavor/,HEAD,
vocation-and-work,468,Culture Making with Andy Crouch,https://www.thegospelcoalition.org/article/christian-entrepreneurs-making-culture-work/,live,200,https://www.thegospelcoalition.org/article/christian-entrepreneurs-making-culture-work/,HEAD,
vocation-and-work,478,Working on Eternity (CT on N.T. Wright),https://www.christianitytoday.com/2011/06/workingeternity/,live,200,https://www.christianitytoday.com/2011/06/workingeternity/,HEAD,
vocation-and-work,479,Volf on Christian Witness,https://www.christianitytoday.com/podcasts/cultivated/miroslav-volf-on-christian-witness-in-turbulent-places/,live,200,https://www.christianitytoday.com/podcasts/cultivated/miroslav-volf-on-christian-witness-in-turbulent-places/,HEAD,
vocation-and-work,505,A Theology for Monday Morning,https://www.thegospelcoalition.org/article/a-theology-for-monday-morning/,live,200,https://www.thegospelcoalition.org/article/a-theology-for-monday-morning/,HEAD,
vocation-and-work,513,"Christian, Your Job Is a Ministry Job",https://www.desiringgod.org/articles/christian-your-job-is-a-ministry-job,broken,403,https://www.desiringgod.org/articles/christian-your-job-is-a-ministry-job,GET,
vocation-and-work,521,Vocation: My Choosing or God's Calling?,https://www.crossway.org/articles/vocation-my-choosing-or-gods-calling/,live,200,https://www.crossway.org/articles/vocation-my-choosing-or-gods-calling/,HEAD,
vocation-and-work,529,Is Your Job Useless?,https://www.thegospelcoalition.org/article/is-your-job-useless/,live,200,https://www.thegospelcoalition.org/article/is-your-job-useless/,HEAD,
vocation-and-work,537,God's Work and Ours: An Interview with Timothy Keller,https://www.desiringgod.org/interviews/gods-work-and-ours-an-interview-with-timothy-keller,broken,403,https://www.desiringgod.org/interviews/gods-work-and-ours-an-interview-with-timothy-keller,GET,
vocation-and-work,545,Christlike Work in a Burnout Society,https://www.thegospelcoalition.org/article/christlike-work-in-a-burnout-society/,broken,404,https://www.thegospelcoalition.org/article/christlike-work-in-a-burnout-society/,HEAD,
vocation-and-work,553,How to Pray When You Hate Your Job,https://www.crossway.org/articles/how-to-pray-when-you-hate-your-job/,live,200,https://www.crossway.org/articles/how-to-pray-when-you-hate-your-job/,HEAD,
vocation-and-work,561,5 Reasons You Need Sabbath Rest,https://www.thegospelcoalition.org/article/5-reasons-you-need-sabbath-rest/,broken,404,https://www.thegospelcoalition.org/article/5-reasons-you-need-sabbath-rest/,HEAD,
vocation-and-work,569,Cultural Mandate and the Image of God,https://www.thegospelcoalition.org/article/cultural-mandate-and-the-image-of-god/,broken,404,https://www.thegospelcoalition.org/article/cultural-mandate-and-the-image-of-god/,HEAD,
vocation-and-work,577,The Church Continues the Revolution Jesus Started,https://www.christianitytoday.com/2016/10/n-t-wright-jesus-death-does-more-than-just-get-us-into-heav.html,broken,404,https://www.christianitytoday.com/2016/10/n-t-wright-jesus-death-does-more-than-just-get-us-into-heav.html,HEAD,
worship-and-liturgy,455,The Regulative Principle (Ligonier),https://www.ligonier.org/learn/articles/regulative-principle/,broken,404,https://learn.ligonier.org/articles/regulative-principle,HEAD,
worship-and-liturgy,456,Why the Regulative Principle Matters (Crossway),https://www.crossway.org/articles/why-the-regulative-principle-matters/,broken,404,https://www.crossway.org/articles/why-the-regulative-principle-matters/,HEAD,
worship-and-liturgy,466,The Case for Contemporary Worship (TGC),https://www.thegospelcoalition.org/article/case-for-contemporary-worship/,broken,404,https://www.thegospelcoalition.org/article/case-for-contemporary-worship/,HEAD,
worship-and-liturgy,467,On Contemporary Hymnody (Desiring God),https://www.desiringgod.org/articles/contemporary-hymnody,broken,403,https://www.desiringgod.org/articles/contemporary-hymnody,GET,
worship-and-liturgy,477,Ancient-Future Worship (TGC),https://www.thegospelcoalition.org/article/ancient-future-worship/,broken,404,https://www.thegospelcoalition.org/article/ancient-future-worship/,HEAD,
worship-and-liturgy,478,Liturgy as Formation (Crossway),https://www.crossway.org/articles/james-ka-smith-liturgy-formation/,broken,404,https://www.crossway.org/articles/james-ka-smith-liturgy-formation/,HEAD,
worship-and-liturgy,504,Corporate Worship,https://www.thegospelcoalition.org/essay/corporate-worship/,broken,404,https://www.thegospelcoalition.org/essay/corporate-worship/,HEAD,
worship-and-liturgy,512,Worship Is Not Music,https://www.desiringgod.org/articles/worship-is-not-music,broken,403,https://www.desiringgod.org/articles/worship-is-not-music,GET,
worship-and-liturgy,520,The Freedom of the Regulative Principle,https://www.thegospelcoalition.org/blogs/kevin-deyoung/the-freedom-of-the-regulative-principle/,live,200,https://www.thegospelcoalition.org/blogs/kevin-deyoung/the-freedom-of-the-regulative-principle/,HEAD,
worship-and-liturgy,528,Contemporary Worship Music and Its Discontents,https://www.thegospelcoalition.org/article/contemporary-worship-music-and-its-discontents/,broken,404,https://www.thegospelcoalition.org/article/contemporary-worship-music-and-its-discontents/,HEAD,
worship-and-liturgy,536,The Regulative Principle of Worship,https://learn.ligonier.org/articles/regulative-principle-worship,live,200,https://learn.ligonier.org/articles/regulative-principle-worship,HEAD,
worship-and-liturgy,544,Corporate Worship Is a Call to Love,https://www.desiringgod.org/articles/corporate-worship-is-a-call-to-love,broken,403,https://www.desiringgod.org/articles/corporate-worship-is-a-call-to-love,GET,
worship-and-liturgy,552,What Is Corporate Worship For?,https://www.9marks.org/article/what-is-corporate-worship-for/,unreachable,,,,timeout
worship-and-liturgy,560,More than Music: How the Congregation Plays a Part in Every Element of Worship,https://www.9marks.org/article/more-than-music-how-the-congregation-plays-a-part-in-every-element-of-worship/,live,200,https://www.9marks.org/article/more-than-music-how-the-congregation-plays-a-part-in-every-element-of-worship/,HEAD,
worship-and-liturgy,568,The Limits of Liturgy,https://www.christianitytoday.com/2025/05/limits-of-liturgy-evangelicals-worship-tradition-formation-liturgists/,live,200,https://www.christianitytoday.com/2025/05/limits-of-liturgy-evangelicals-worship-tradition-formation-liturgists/,HEAD,
worship-and-liturgy,576,What Is the Regulative Principle of Worship?,https://tabletalkmagazine.com/article/2022/12/the-regulative-principle-of-worship/,live,200,https://tabletalkmagazine.com/article/2022/12/the-regulative-principle-of-worship/,HEAD,
